/*
SQLyog Enterprise - MySQL GUI v6.13
MySQL - 5.7.15-log : Database - product-devbelopment
*********************************************************************
*/

/*!40101 SET NAMES utf8 */;

/*!40101 SET SQL_MODE=''*/;

/*!40101 SET @OLD_SQL_MODE=@@SQL_MODE, SQL_MODE='NO_AUTO_VALUE_ON_ZERO' */;

/*Table structure for table `tblcpdesignations` */

CREATE TABLE `tblcpdesignations` (
  `cd_id` int(11) NOT NULL AUTO_INCREMENT,
  `cd_name` varchar(256) DEFAULT NULL,
  `cd_status` int(1) DEFAULT '0',
  PRIMARY KEY (`cd_id`)
) ENGINE=InnoDB AUTO_INCREMENT=5 DEFAULT CHARSET=utf8;

/*Data for the table `tblcpdesignations` */

insert  into `tblcpdesignations`(`cd_id`,`cd_name`,`cd_status`) values (1,'Owner		\r\n',1),(2,'Purchase Manager		\r\n',1),(3,'Technical Head		\r\n',1),(4,'Others',1);

/*Table structure for table `tblcustomers` */

CREATE TABLE `tblcustomers` (
  `c_id` int(11) NOT NULL,
  `c_code` varchar(100) CHARACTER SET utf8 NOT NULL,
  `c_name` text CHARACTER SET utf8
) ENGINE=InnoDB DEFAULT CHARSET=latin1;

/*Data for the table `tblcustomers` */

insert  into `tblcustomers`(`c_id`,`c_code`,`c_name`) values (1,'CLPSW000001','2 Star Plastic'),(2,'CLFSD000099','2 Star Plastic Fsd'),(3,'CLFSD000186','3 Star Plas Moulding'),(4,'CLGJW000073','3 Star PPRC Gujranwala'),(5,'CLGJW000001','3 Star Water Tank'),(6,'CLKHI000159','3B Packaging Pvt Limited'),(7,'CLLHR000344','50 50 Sole'),(8,'CLLHR001154','6B-Food Industry Pvt Ltd '),(9,'CLMUL000001','7 Star Packages'),(10,'CLLHR000283','A & A CHAPPLE SOLE MANUFACTURERS'),(11,'CLRWT000013','A & J ENGINEERING (PRIVATE) LIMITED'),(12,'CLSHK000006','A One Poly Bags'),(13,'CLLHR000662','A Tech Lahore'),(14,'CLLHR001055','A A Chemical'),(15,'CLKHI000194','A A ENTERPRISE'),(16,'CLLHR000001','A H Y PLASTIC INDUSTRY (PVT ) LIMITED'),(17,'CLLHR000455','A M Inertnational'),(18,'CLFSD000185','A M Plastic (Mr Arslan) FSB '),(19,'CLISD000001','A M Sons'),(20,'CLLHR001310','A N Internationl'),(21,'CLLHR000911','A R Impex'),(22,'CLLHR001240','A R PAINTS'),(23,'CLLHR001164','A-1 Poly Industries Lahore '),(24,'CLLHR000702','AA Plastic'),(25,'CLLHR000792','AA Shoes'),(26,'CLISD000023','AAA INTERNATIONAL INDUSTRIES'),(27,'CLLHR000838','AAA Plastic (Kamal Trader)'),(28,'CLLHR000003','AAA Traders Zircon Poly'),(29,'CLKHI000001','AAR Trader Aftab Mehtab'),(30,'CLGJW000025','AB INTERNATIONAL'),(31,'CFKBL000007','Abasin Jilani Packages Industry'),(32,'CLKSR000002','ABBAS TANNERIES'),(33,'CLMUL000002','ABC Plastic'),(34,'CLLHR001013','ABC Plastic Bund Road'),(35,'CLLHR000668','Abdul Ghaffor Waste Contractor Unit-I'),(36,'CLGJW000002','Abdul Hafeez Dyes & Colors'),(37,'CLISD000032','Abdul Hameed waste customer U-I'),(38,'CLLHR000738','Abdul Hussain - Waste Contractor'),(39,'CLLHR000004','Abdul Qadir & Co'),(40,'CLKHI000158','Abdul Rab Enterprises'),(41,'CLKHI000002','Abdul Rauf'),(42,'CLPSW000002','Abdul Raziq Plastic'),(43,'CLKHI000284','Abdul Razzaq'),(44,'CLLHR001114','Abdul Razzaq Waste Customer U-I'),(45,'CLGJW000069','Abdul Rehman Traders Gujranwala'),(46,'CLKHI000003','Abdullah Mehtabuddin'),(47,'CLLHR000690','Abdullah Plastic'),(48,'CLFSD000001','Abdullah Poly'),(49,'CLMUL000041','ABDULLAH POLY INDUSTRIES'),(50,'CLKHI000138','Abeer Enterprises'),(51,'CLKHI000305','ABID &CO PET'),(52,'CLLHR001043','Abid Ali Waste Customer U-I'),(53,'CLSGD000007','Abid Becolite'),(54,'CLLHR000005','Abid Plastic'),(55,'CLKHI000252','ABS PRODUCTS PVT LIMITED'),(56,'CLLHR000791','Abu Al-Hassnain & Sons'),(57,'CLLHR000981','Abu Bakar Plastic'),(58,'CLLHR000336','Abu Zikria Trading'),(59,'CLGJW000003','ACC Polymers API Industries'),(60,'CLRWT000014','ACCUFIT PLASTIC IND (UNREG )'),(61,'CLRWT000007','ACCUFIT PLASTIC INDUSTRIES (PRIVATE) LIMITED'),(62,'CLLHR000771','Achievers Industries'),(63,'CLLHR000772','Acro Paints'),(64,'CLLHR000530','Activity Corporation LHR'),(65,'CLLHR000467','Acvo Soft'),(66,'CLFSD000114','Adam Jee Plastic ind(karim khan)'),(67,'CLFSD000077','Adamjee Plastic Industries'),(68,'CLLHR001145','Adeel Hamza plastic'),(69,'CLLHR000006','Adeel Plastic'),(70,'CLLHR000293','Adeel Traders'),(71,'CLFSD000097','Adil Afzal - Fsd'),(72,'CLLHR001277','ADIL PAINTS'),(73,'CLKHI000232','ADIL POLYMER KARACHI'),(74,'CLLHR000330','Adnan Traders'),(75,'CLLHR001127','Aero Soft'),(76,'CLLHR000750','Aerolite Shoes'),(77,'CLLHR001136','AF Shoes'),(78,'CLGJW000023','AF SONS'),(79,'CLLHR001227','Afaq plastic'),(80,'CLKHI000302','AFEEF PACKAGES'),(81,'CLISD000012','Afnan Plastic (Mansehra)'),(82,'CLPSW000059','Afridi poly'),(83,'CLLHR001042','Aftab Sons Writing instruments Lahore '),(84,'CLLHR000666','AFW Writting Instruments industry'),(85,'CLLHR001128','Afzaal Waste Customer U-I'),(86,'CLLHR001288','AG TRADERS'),(87,'CLLHR000804','Agha Plastic Lahore'),(88,'CLMUL000054','AGRI FORCE CHEMICALS'),(89,'CLPSW000040','Agriculture University'),(90,'CLLHR000379','AGRO Footwear'),(91,'CLGDN000001','Agro Pack Pvt Ltd'),(92,'CLFSD000029','AHM PRINTERS'),(93,'CLGJW000102','AHMAD CHEMICALS & PLASTIC COLORS'),(94,'CLPSW000003','Ahmad Colors'),(95,'CLSGD000004','Ahmad International'),(96,'CLGDN000017','AHMAD POLYMER INDUSTRIES PVT LIMITED'),(97,'CLLHR000879','Ahmad Waste contractor'),(98,'CLLHR000699','Ahmed - Waste Raiwind'),(99,'CLFSD000080','Ahmed Poly Bag Fsd'),(100,'CLLHR001212','AHMED SAEED AND COMPANY (PVT) LTD'),(101,'CLLHR000601','AHMED SONS'),(102,'CLLHR000008','AHN SYNTHETIC (PVT)LIMITED'),(103,'CLLHR000605','Ahsan Plastic lahore '),(104,'CLLHR000390','Ahsan Traders'),(105,'CLGJW000109','AIM ENTERPRISES'),(106,'CLPSW000005','Aim Plastic'),(107,'CLLHR000970','Air Blue Shoes'),(108,'CLLHR000477','Air Indus'),(109,'CLRWP000036','Ajdam (Pvt) Ltd Rawalpindi '),(110,'CLLHR000979','AK Plastic Shahdra'),(111,'CLLHR001088','AK Trader Lahore'),(112,'CLLHR000574','AKAI ENGINEERING'),(113,'CLISD000002','AKBAR AND ZIKRIA PIPES (PRIVATE) LIMITED'),(114,'CLGDN000031','AKBAR PACKAGES'),(115,'CLLHR000470','Akbar Traders'),(116,'CLLHR000870','Akbari Polymer Plastic'),(117,'CLLHR000375','Akhtar Chemical'),(118,'CLFSD000061','Akhtar Paint'),(119,'CLLHR001270','AKRAM & SONS BAND ROAD'),(120,'CLLHR000517','Akram Dewan Royal International'),(121,'CLLHR000945','Akram Plastic'),(122,'CLLHR000735','Akro Soft'),(123,'CLLHR000284','AKZO NOBEL PAKISTAN LIMITED'),(124,'CLKHI000312','AL BARAKAT PLASTICS (PRIVATE) LIMITED'),(125,'CLFSD000112','Al Barka Fabrics'),(126,'CLLHR000009','Al Firdosi SVA Ruba'),(127,'CLKHI000262','AL HAMD PLASTIC WORKS'),(128,'CLFSD000070','Al Jannat (CMD)'),(129,'CLKHI000040','AL KARAM PACKAGES (PVT) LTD'),(130,'CLFSD000084','Al Madina Water Tank Fsd'),(131,'CLKHI000291','AL MARJAN'),(132,'CLLHR000415','Al Munawar Crysto Plast'),(133,'CLLHR000462','Al Munawar PVC Industries'),(134,'CLGJW000091','Al Noor Trader - Gujranwala'),(135,'CLLHR001321','AL RAZI DIAGNOSTIC PVT LIMITED'),(136,'CLFSD000115','Al Rehman Trader Fsd'),(137,'CLFSD000103','Al Shahbaz Plastic Fsd'),(138,'CLKHI000274','AL SHAIKH (PVT ) LTD '),(139,'CLMUL000042','Al-Aziz Enterprises Multan'),(140,'CLLHR000531','AL-Aziz Paper Mills'),(141,'CLLHR001254','Aleem Waste customer Unit 01'),(142,'CLKHI000171','Alfapen Pakistan'),(143,'CLLHR000561','Al-Fareed Plastic'),(144,'CLPSW000006','Al-Hafiz Crysto Plast'),(145,'CLLHR000798','Al-Hajveri Trading Lahore'),(146,'CLFSD000106','Al-Hamd Trader Faisalabad'),(147,'CLFSD000150','Al-Hamra Textile'),(148,'CFAFG000010','AL-HIKMAT FIBER INDUSTRY'),(149,'CLMUL000050','Al-Hilal Industries Pvt Limited'),(150,'CLKHI000140','AL-HILAL PACKAGING (PVT) LTD'),(151,'CLKHI000162','Al-Huda Plastic'),(152,'CLLHR000913','Al-Hussain Trading & CO'),(153,'CLLHR000576','Ali & Co '),(154,'CLLHR000629','Ali Baba Lhr '),(155,'CLLHR001033','ALI ENTERPRISES'),(156,'CLFSD000095','Ali Hamza Plastic'),(157,'CFKBL000006','Ali Ijaz Fiber'),(158,'CLFSD000059','Ali Plastic'),(159,'CLLHR001122','ALi plastic Gujrat'),(160,'CLLHR000790','Ali Plastic Lahore'),(161,'CLLHR000337','ALI POLYMER INDUSTRIES (PVT ) LIMITED'),(162,'CLLHR000265','ALI TRADERS'),(163,'CLLHR000011','Aliance Industry'),(164,'CLLHR001186','Aliance Industry 2'),(165,'CLLHR000089','ALIF INDUSTRY (SMC-PVT ) LIMITED'),(166,'CLFSD000073','Al-Janat Water Tank'),(167,'CLLHR000012','Al-Jeeran Engineers'),(168,'CLKHI000068','Alka Pvt Ltd'),(169,'CLPSW000077','AL-KARAM PLASTIC IND '),(170,'CLGJW000108','AL-KARAM SOFT CARE'),(171,'CLLHR000603','Al-Karam Water Tank Gujranwala'),(172,'CLSGD000006','Al-Karam Water Tank Sargodha'),(173,'CLLHR000617','AL-KHAIR GLOBAL (PRIVATE) LIMITED'),(174,'CLLHR001008','Allah Hoo Industry'),(175,'CLLHR000806','Alliance Petrochemicals'),(176,'CLFSD000143','Allied Automation Engineers'),(177,'CLKHI000044','Allied Impex'),(178,'CLLHR000255','ALLIED PAINT'),(179,'CLLHR000992','ALM PET'),(180,'CLGDN000002','AL-MADEENA MAT INDUSTRIES (PVT) LTD'),(181,'CLFSD000002','Al-Madina Packages FSD'),(182,'CLMUL000003','AL-MADINA PACKAGES '),(183,'CLFSD000091','Al-Makkah Water Tank'),(184,'CLLHR000940','Al-Meezan Plastic SB Plastic'),(185,'CLMUL000004','Al-Mehar Plastic Works Pak Arab Water'),(186,'CLKHI000137','Al-Momin Packages Karachi'),(187,'CLMAR000001','Al-Murtaza Match Factory'),(188,'CLLHR000823','Al-Noor Plastic Lahore'),(189,'CLLHR000256','al-Noor Trader'),(190,'CLLHR000365','AL-PAK SYNTHATIC TEXTILE MILLS'),(191,'CLKHI000106','Alpha Packages KHI'),(192,'CLKHI000207','ALPHA PACKAGING'),(193,'CLLHR000362','Alpha Pipe'),(194,'CLGDN000003','ALPHA PIPE INDUSTRIES (PRIVATE) LIMITED'),(195,'CLLHR000799','Alpha Plastic Lahore'),(196,'CLLHR001293','ALPHA RUBBER'),(197,'CLLHR000361','Alpha Traders'),(198,'CLLHR000013','Al-Quraish Plastic'),(199,'CLLHR000836','AL-RAAI PLASTIC WORKS '),(200,'CLLHR000858','AL-RABI INTERNATIONAL (PVT) LTD'),(201,'CLLHR000127','AL-RABI INTERNATIONAL (PVT ) LIMITED'),(202,'CLGJT000001','Al-Razi Plastic'),(203,'CLLHR001281','AL-REHMAN PLASTIC PRODUCTS'),(204,'CLMUL000031','Al-Rehmat Plastic'),(205,'CLLHR000997','Al-Saeed'),(206,'CLLHR000784','Al-Safa Packages'),(207,'CLLHR001294','Altaf karachi'),(208,'CLKHI000293','ALUCAN (PVT) LTD'),(209,'CLGJW000048','Alwan Paints'),(210,'CLFSD000141','AM Dyeing Faisalabad'),(211,'CLLHR000247','AM ENTERPRISES'),(212,'CLLHR000987','AM PLASTIC'),(213,'CLBWP000001','AM Plastic Bahwalpur'),(214,'CLLHR001228','AM POLY RAIWIND'),(215,'CLLHR000465','AM Traders'),(216,'CLGJW000053','Amaar Hi Tech Guj'),(217,'CLLHR000014','AMAFHH PACKAGING INDUSTRIES'),(218,'CLLHR000289','Amariz Printers'),(219,'CLLHR000956','Amber Capacitors limited'),(220,'CLLHR000910','Amco Baby Toys'),(221,'CLLHR000419','Amco Paints'),(222,'CLPSW000046','Ameer Jamal Faom Plastic Industry'),(223,'CLLHR000358','AMIN INDUSTRIES (PRIVATE) LIMITED'),(224,'CLNOS000001','Amin Shopping Bag'),(225,'CLMUL000025','Amina Food'),(226,'CLLHR001181','Amir Auto Tech'),(227,'CLLHR000328','Amir Chemicals'),(228,'CLLHR000490','Amir Ishfaq Chemicals'),(229,'CLNSF000001','Amir Khan Noshehro Feroz'),(230,'CLLHR000457','Amir Pet Bottler'),(231,'CLLHR000401','Amir Plastic'),(232,'CLKHI000279','AMIR POLYBAGS FACTORY'),(233,'CLLHR001028','Amir Trader'),(234,'CLLHR000015','Amir Traders'),(235,'CLGJW000050','Amjad Traders'),(236,'CLLHR001156','Amjad Waste customer unit-I'),(237,'CLLHR001179','AMP Tech Lahore '),(238,'CLGJW000096','AMS Plastic Kamoke '),(239,'CLLHR001296','AMS PLASTICS (PVT ) LIMITED'),(240,'CLFSD000123','AN Packages Fsd'),(241,'CLKHI000301','ANAUMA'),(242,'CLLHR001195','Anayat Wast Customer (Unit 01)'),(243,'CFBNG000001','ANCHAR PAINT INDUSTRIES PVT LTD '),(244,'CLISD000013','Andrew Paint'),(245,'CLISD000037','ANDREW PAINTS'),(246,'CLLHR000778','Angro Soft'),(247,'CLLHR000016','Anjum Chemicals Industry'),(248,'CLLHR000017','Anmol Plastic'),(249,'CLLHR000481','Ansaar Plastic'),(250,'CLFSD000194','ANSAR PLASTIC FACTORY'),(251,'CLFSD000086','Ansari Plastic FSB'),(252,'CLLHR000320','Anwar & Sons'),(253,'CLGJW000065','A-One PPRC'),(254,'CLLHR000654','AP Shoes'),(255,'CLHYD000003','Apex Paints'),(256,'CLHAT000001','APEX POLYMERS (PRIVATE) LIMITED C O HASSAN'),(257,'CLHAT000013','APEX POLYMERS (PRIVATE) LIMITED '),(258,'CLLHR001098','Apple packages Band Road'),(259,'CLFSD000063','Apple Paints'),(260,'CLFSD000078','Aqua MM Industry'),(261,'CLGJW000084','Aqua Plastic'),(262,'CLLHR000647','Aqua Tech LHR'),(263,'CLGJW000031','Aqua Water Tank'),(264,'CLKHI000180','AQUAFIN'),(265,'CLKHI000090','AR Plastic'),(266,'CLLHR000018','AR Printer'),(267,'CLLHR000019','ARCO PLASTICS (PRIVATE) LIMITED'),(268,'CLLHR000522','Arfan Traders'),(269,'CLLHR000020','ARFEEN INDUSTRIES (PVT) LTD'),(270,'CFAFG000001','Aria Afghan Paint Industry'),(271,'CLLHR000588','Arif Noor - Waste Sales'),(272,'CLKHI000255','ARIF TRADER KHI'),(273,'CLGJW000047','Arshad Corporation'),(274,'CLMUL000044','Asad Enterprises Multan'),(275,'CLLHR000219','ASAD PLASTIC BAND ROAD'),(276,'CLGJW000006','Asad Tarders'),(277,'CLPSW000007','ASAD ZUBAIR POLYMERS (PRIVATE) LIMITED'),(278,'CLLHR000746','ASAF Pet Plastic'),(279,'CLRWP000015','ASF Paints'),(280,'CLLHR001053','ASF Pet Industries Lhr '),(281,'CLFSD000149','Asghar Ali Pipes Factory'),(282,'CLPSW000075','Asghar Saleem Keen'),(283,'CLLHR001167','ASHIQ ALI'),(284,'CLLHR001292','ASHIQ TRADER'),(285,'CLLHR001192','Ashraf plastic works'),(286,'CLLHR000733','ASHRAF POLY (PRIVATE) LIMITED'),(287,'CLLHR000625','Ashraf Waste Sale Contractor Unit-I'),(288,'CLLHR000352','Asia Chemicals'),(289,'CLLHR000194','Asia Foam (pvt) ltd (LMD)'),(290,'CLLHR000382','Asia Paints Well Done Paints'),(291,'CLFSD000159','Asia Pipe'),(292,'CLLHR000438','ASIA VINYL & RUBBER INDUSTRY'),(293,'CLGJT000020','Asian Paints'),(294,'CLLHR000908','Asian Plastic'),(295,'CLKHI000173','Asian Source Pakistan Pvt Ltd'),(296,'CLLHR000587','Asif - Waste Sales'),(297,'CLLHR000021','Asim Plastic'),(298,'CLRWP000001','Asim Shabbir'),(299,'CLLHR000697','ASKARI SHOES PROJECT'),(300,'CLLHR001035','Aslam Enginring'),(301,'CLLHR000872','Aslam Waste Contractor'),(302,'CLLHR001248','Aslam Waste Customer Unit-I'),(303,'CLGJW000005','ASLI PUNJAB INDUSTRIES (PRIVATE) LIMITED'),(304,'CLGJR000001','Asma Enterprises'),(305,'CLLHR001263','ASPIRE PLASTIC'),(306,'CLLHR000962','Astun Industries'),(307,'CLFSD000072','AT Poly bags'),(308,'CLGJW000037','AT Products'),(309,'CLLHR000676','Atco Soft Lahore'),(310,'CLGJW000033','Ateeq Traders'),(311,'CLISD000018','ATH'),(312,'CLLHR000764','Athar Nazir'),(313,'CLKHI000115','Atherton And Imrooz'),(314,'CLPSW000043','Atlas Paints'),(315,'CLGJW000066','Atlas Plastic Gujranwala'),(316,'CLLHR000332','ATM Industries'),(317,'CLKHI000241','ATM INDUSTRIES PRIVATE LIMITED'),(318,'CLLHR000727','ATM Industry Lahore'),(319,'CLLHR000453','Atmad Soft'),(320,'CLLHR000267','ATS SYNTHETIC (PVT) LTD'),(321,'CLKHI000269','AUSAF INDUSTRIES (PVT ) LIMITED'),(322,'CLLHR000354','Austun Pipe'),(323,'CLLHR000054','Awais Plastic Haji Younas Plastic'),(324,'CLFSD000038','Awan Plastic'),(325,'CLFSD000206','AWAN PLASTIC PRIVATE) LIMTED'),(326,'CLSKT000003','AWAN SPORTS'),(327,'CLKHI000050','AXE Shoes'),(328,'CLGJW000088','AY Plastic Gujranwala'),(329,'CLLHR000832','Ayaan Plastic Lahore'),(330,'CLLHR000022','AYCANS'),(331,'CLLHR001085','Ayesha Co Dyno Group'),(332,'CLMRP000001','AYESHA ENTERPRISES PVT LTD'),(333,'CLPSW000008','Ayub Brothers'),(334,'CLFSD000205','AYYAN SONS FSD'),(335,'CLKHI000193','AYYAN TUFF'),(336,'CLLHR001239','AZ Shopping'),(337,'CLLHR001026','Azam Plastic Co Lahore '),(338,'CLMUL000057','Azco Group'),(339,'CLGJW000009','AZEEM INDUSTRIES (PVT ) LIMITED'),(340,'CLLHR001197','AZIZ MUGHAL ELECTRICAL INDUSTRY'),(341,'CLGDN000004','AZMAT KHAN ENTERPRISES'),(342,'CLLHR001250','Azmat Ullah'),(343,'CLLHR001076','B & T Laminates Lhr '),(344,'CLKHI000212','B H Industries'),(345,'CLKHI000282','B S INDUSTRIES'),(346,'CLLHR000891','Baba Mukhtar waste contractor Unit-I'),(347,'CLLHR000023','Baba Plastic'),(348,'CLLHR000334','Babar Engineering'),(349,'CLLHR000220','Babar Plastic Usman & Co'),(350,'CLLHR001097','Babar Waste Customer'),(351,'CLLHR000402','BABUJEE INTERNATIONAL'),(352,'CLLHR000513','Bakhtyar Plastic'),(353,'CLLHR000024','Balochistan Glass ltd '),(354,'CLLHR000615','Banu Mukhtar'),(355,'CLKHI000084','Bapco Poly Packages (Pvt) Ltd'),(356,'CLKHI000187','Barkat International Karachi '),(357,'CLLHR000685','BASF'),(358,'CLLHR001230','BASHAR TRADERS'),(359,'CLLHR000432','Basharat Plastic Lhr'),(360,'CLLHR000025','BATA PAKISTAN LIMITED'),(361,'CLLHR000386','Bay Shield'),(362,'CLLHR000412','bb chem'),(363,'CLLHR000516','BB CHEMPACK INDUSTRIES (PVT) LTD'),(364,'CLLHR000026','BBJ PIPE INDUSTRIES (PRIVATE) LIMITED'),(365,'CLLHR000680','BC Soft'),(366,'CFCHN000006','BCG International'),(367,'CLGJW000007','BEETA HI TECH INDUSTRIES (PRIVATE) LIMITED'),(368,'CLLHR000323','Belite Epoxy'),(369,'CLLHR000208','BERGER PAINTS PAKISTAN LIMITED'),(370,'CLLHR001316','BESTCHEM'),(371,'CLLHR000818','BESTWAY CEMENT LTD'),(372,'CLLHR000264','BETA PIPES'),(373,'CLLHR001077','Bhatti Plastic Band Road'),(374,'CLLHR000663','Bhorban Shoes'),(375,'CLLHR000213','BIC INKS'),(376,'CLLHR000611','Bico Enterprises'),(377,'CLLHR000195','Bila Soft'),(378,'CLLHR000963','Bilal'),(379,'CLLHR000777','Bilal Plastic'),(380,'CLRWT000003','BIN ALTAF INDUSTRIES'),(381,'CLKHI000091','BIN QASIM PACKAGES (PRIVATE) LIMITED'),(382,'CLKHI000199','BIN QASIM PACKAGES (PVT) LTD'),(383,'CLLHR001064','Bin Talib Industry'),(384,'CLLHR001269','BIN YAMIN DOORS'),(385,'CLLHR001177','BINACA SOFT'),(386,'CLLHR000426','Bira Chemicals'),(387,'CLLHR001025','Bismillah Chemicals'),(388,'CLLHR000348','Bismillah Plastic'),(389,'CLMUL000070','BISMILLAH PLASTIC MULTAN'),(390,'CLLHR001278','Bismillah Rubber'),(391,'CLFSD000101','Bismillah Textiles Ltd'),(392,'CLLHR000440','Black Horse Paints'),(393,'CLKHI000101','Blain Packing'),(394,'OTHER000003','Blend Polymer industries LLC'),(395,'CLGJW000042','BLESS ENGINEERING COMPANY (PVT ) LTD'),(396,'CLKHI000210','BLOW PLAST (PRIVATE) LIMITED'),(397,'CLKHI000005','Blue Crystal Plastic'),(398,'CLGJW000081','Blue Dyes'),(399,'CLSKT000021','BM-JRSAZ ENTERPRISE'),(400,'CLLHR001188','BNS Plastiic Lahore '),(401,'CLLHR001021','BNT Laminates'),(402,'CLLHR000070','BNU INDUSTRIES (PVT ) LIMITED'),(403,'CLISD000019','Bolton Paints'),(404,'CLGJW000064','Boss chemical industries'),(405,'CLLHR000841','BRIGHTO CHEMICALS PAKISTAN (PRIVATE) LIMITED'),(406,'CLLHR000351','BRIGHTO PAINT (PRIVATE) LIMITED'),(407,'CLLHR000296','Brodo Soft'),(408,'CLKHI000139','Brookes Pharma Karachi'),(409,'CLLHR001303','BROTHERS RISING PLASTIC'),(410,'CLLHR000377','Buhler Group'),(411,'CLMRP000004','BULK FLEXIBLES PAKISTAN (PRIVATE) LIMITED'),(412,'CLFSD000201','Burak Pet'),(413,'CLLHR000959','Buraq Plastic'),(414,'CLLHR000027','BURAQ POLYFABRICS (PVT) LTD'),(415,'CLKHI000130','Burham Enterprises Karachi'),(416,'CFCHN000012','Buseong Polycom - Indent'),(417,'CLLHR000528','Butt Paint Inds'),(418,'CLLHR001252','Butt plastic band raod'),(419,'CLGJT000022','Butt Plastic Gujrat '),(420,'CLKHI000039','Butt Printing Ink'),(421,'CLLHR001304','Butt Trader'),(422,'CLPSW000065','C&F Shoes'),(423,'CLLHR000659','cancel'),(424,'CLLHR000636','Candy Paints'),(425,'CLLHR000028','Cannon Foam (pvt) ltd '),(426,'CLLHR000966','Canon International'),(427,'CLRWP000038','Canteen Stores Department'),(428,'CLLHR000029','Capit'),(429,'CLLHR000196','Capital Industrial Enterprises (Pvt) Ltd '),(430,'CLGJW000101','CAPITAL PAINT'),(431,'CLKHI000294','CARE CHEMICALS'),(432,'CLGJW000055','Care PPRC'),(433,'CLLHR000030','CARVAN PLASTIC INDUSTRY (PRIVATE) LIMITED'),(434,'CLLHR000948','Cash Counter Sale'),(435,'CLLHR001282','CASH TENDER SALE'),(436,'CLKHI000099','CBM Plastic Pvt Ltd'),(437,'CLRWP000012','Celmore Technology'),(438,'CLKHI000288','CENTURY ENGINEERING INDUSTRIES (PVT) LTD'),(439,'CLLHR000342','CHACHA BHATTI SHOES COMPANY (PRIVATE) LIMITED'),(440,'CLLHR000564','Chaman Chemiacal Industries LHR'),(441,'CLLHR001175','Chamman plastic lahore'),(442,'CLRWP000033','Champion International Pvt Ltd '),(443,'CLLHR000460','Chand Tara Shopping Bag'),(444,'CLLHR001222','Chatha Plastic Pipe Industry'),(445,'CLGJW000083','Chattan PPRC'),(446,'CLLHR000641','Chaudhry Plastic Lhr'),(447,'CLFSD000004','CHAWALA ENTERPRISES'),(448,'CLLHR001049','Chawla Limited'),(449,'CLGJW000038','Cheema Paints'),(450,'CLLHR001171','Chemi Fast'),(451,'CLLHR001241','CHEMICAL HIVE'),(452,'CLLHR001000','Chemical Resource Solution'),(453,'CFSPN000001','Chemipol'),(454,'CLKHI000211','CHEMPACK(PVT)LTD'),(455,'CLLHR000215','Chen One Lahore'),(456,'CLGDN000029','CHERAT PACKAGING LIMITED'),(457,'CLGDN000005','Cherat Poly'),(458,'CLKHI000129','Cherry Plastic Industries'),(459,'CLLHR000349','Cherry Plastic Lahore'),(460,'CFCHN000004','China National Chemical'),(461,'CLLHR001116','China Plastic Bund Road '),(462,'CLPSW000047','Chinnar Chemicals'),(463,'CLLHR000863','CHISHTIA PLASTIC INDUSTRIES'),(464,'CLLHR000869','Chroma Chem'),(465,'CLLHR000359','Chroma Pigments & Dyestuff'),(466,'CLGJW000074','Citizen International Plastic Industry'),(467,'CLLHR000826','CITROPAK LIMITED'),(468,'CLLHR000295','City Cans'),(469,'CLFSD000065','City Paints'),(470,'CLLHR000031','City Poly Pack'),(471,'CLPSW000009','City Polytex'),(472,'CLKHI000034','CLARIANT PAKISTAN LIMITED'),(473,'CLGJW000095','Classic Color Gujranwala '),(474,'CLLHR000608','Classic International Trading'),(475,'CLFSD000174','Classic Perfume FSD'),(476,'CLFSD000005','Clover Plastic'),(477,'CLLHR000423','CM Plastic Irshad Saeed Packaging'),(478,'CFCHN000008','CNNC Hua Yuan Shanghai Titanium Dioxide Co LTD'),(479,'CLLHR000887','Coat Chem International'),(480,'CLKHI000112','Colgate-Palmolive (Pakistan) Ltd'),(481,'CLKHI000189','Color Impex karachi'),(482,'CLRWP000034','Color Life Paints'),(483,'CLGJW000105','COLOR MASTER'),(484,'CLGJW000079','Color Math'),(485,'CLKHI000184','COMBINE PACKAGES (PVT ) LIMITED'),(486,'CLLHR000844','Commander Paints'),(487,'CLGJW000103','COMMANDER SANITARY WARE'),(488,'CLLHR000032','Continental Plastic Industries (Pvt ) Ltd'),(489,'CLKHI000006','Continental Plastic KHI'),(490,'CLLHR000033','Converters (Pvt) Ltd'),(491,'CLLHR001289','CORAL PAINTS'),(492,'CLSKT000001','Crown Foam Industries'),(493,'CLLHR000497','Crown Paint'),(494,'CLGDN000018','Crown Pipe'),(495,'CLSWT000001','Crown plastic insdustry'),(496,'CLGJW000052','Crystal Paint'),(497,'CLKHI000242','CRYSTAL POLYPROPYLENE INDUSTRIES (PVT) LIMITED'),(498,'CLLHR001054','CRYSTAL SYNTHETICS (PVT) LIMITED'),(499,'CLLHR000760','Cynel Paints'),(500,'CLKHI000188','dadex Eternit Ltd'),(501,'CLFSD000176','Daewoo Batteries FSD '),(502,'CFCHN000013','Dainichiseika Color & Chemicals Mfg Co Ltd'),(503,'CLLHR001224','DANI PLASTIC INDUSTRIES'),(504,'CLMUL000071','DANISH INDUSTRY MULTAN'),(505,'CLKHI000303','Danluq Petro Industries'),(506,'CLPSW000071','Danyal Trading Agency'),(507,'CLGJW000067','DAR PLASTIC INDUSTRIES'),(508,'CLLHR000837','Darson Traders'),(509,'CLLHR000961','Data Paints'),(510,'CFCHN000007','Datong Coal'),(511,'CLKHI000197','DAWLANCE (PRIVATE) LIMITED'),(512,'CLLHR001221','DAWN IMPEX'),(513,'CLLHR000555','Dawn Paint Industry Corona'),(514,'CLFSD000136','Dawood Export'),(515,'CLFSD000006','Dear Water Tank'),(516,'CLGJT000002','Decent Plastic'),(517,'CLLHR001131','Decora Foam Board DPM'),(518,'CLLHR000364','DECORA PLASTIC INDUSTRIES'),(519,'CLISD000029','DEEN INDUSTRY'),(520,'CLPSW000063','Delaax Plastic'),(521,'CLLHR000394','Delight Paints'),(522,'CLLHR001287','DELTA PIPE'),(523,'CLKHI000048','Deluxe Ink'),(524,'CLLHR000669','Denium Footwear'),(525,'CLLHR000036','DESCON OXYCHEM LIMITED'),(526,'CLLHR000335','Designer Soft'),(527,'CLLHR000302','Desma Shoes'),(528,'CLKHI000061','Dewan Sugar Mills'),(529,'CLLHR000539','Dewyne Trade International'),(530,'CLMUL000069','DG PVC Pipe Dera Ghazi Khan '),(531,'CLLHR000476','Dhanak Paints'),(532,'CLLHR000238','DIAMOND PAINT INDUSTRIES (PVT ) LIMITED'),(533,'CLLHR000568','Diamond Plastic Pack'),(534,'CLPSW000053','Diamond shopping Bags'),(535,'CLLHR000235','DIC PAKISTAN LIMITED'),(536,'CLKHI000041','Dilshad Plastic'),(537,'CLKHI000245','Dollar Industries Pvt Ltd'),(538,'CLLHR000720','Dolor Sole Centre'),(539,'CFKBL000005','Door Mohammad'),(540,'CLMUL000046','Dost Muhammad & Sons'),(541,'CLLHR001276','DOTSON SOLE BAND ROAD'),(542,'CLLHR000366','DS Enterprises'),(543,'CLLHR000357','Dulux Poly Pack'),(544,'CLRWT000004','Dura Fit'),(545,'CLLHR000216','Dura Industries Pvt Ltd'),(546,'CLLHR001143','DURA POLYMER INDUSTRIES'),(547,'CLGJW000077','Duramine Industries'),(548,'CLKHI000073','Dye Chem Enterprises'),(549,'CLLHR000633','Dynasty Shoes'),(550,'CLLHR000888','Eagle Food Industries Pvt Limited'),(551,'CLLHR000237','EASTLAND - LAHORE'),(552,'CLKHI000031','EASTLAND CORPORATION KARACHI'),(553,'CLLHR001295','EASY FEET'),(554,'CLLHR000459','Ecco Soft'),(555,'CLLHR000978','ECO PLUS polymers'),(556,'CLISD000036','Ecoflex Plast PVT Limited'),(557,'CLHAT000011','ECOPACK LIMITED'),(558,'CLLHR000623','Edge Star PU'),(559,'CLLHR000893','Edmon Paints'),(560,'CLLHR001209','Ehtisham Waste Contractor'),(561,'CLLHR000038','Ejaz Enterprises'),(562,'CLLHR000278','Ejaz Packages'),(563,'CLLHR000717','Ejaz Packages (PCC)'),(564,'CLLHR001194','Electrosole Trades'),(565,'CLLHR000285','ELEGANT INDUSTRIES (PVT) LTD'),(566,'CLLHR000393','Elegent Shoes'),(567,'CLISD000014','Elite Packages Islamabad'),(568,'CLLHR000616','Emeraude International'),(569,'CLOKR000001','Energy Care'),(570,'CLLHR000039','ENGI Plastic Industries (Pvt) Ltd'),(571,'CLKHI000135','English Biscuits Limited'),(572,'CLKHI000155','ENGRO FERTILIZERS'),(573,'CLLHR000040','Epcot LMD'),(574,'CLGJW000106','Etihad Plastic Industry'),(575,'CLPSW000058','Etimad Polymer Peshawar'),(576,'CLKHI000226','EUROGULF'),(577,'CLKHI000261','EVER GREEN PLASTIC AND TOYS'),(578,'CLKHI000247','EVERSHINE INDUSTRIES PVT LTD'),(579,'CLLHR000309','E-VISION MANUFACTURING LIMITED'),(580,'CLFSD000056','EXCEL WORLD PVT LTD'),(581,'CLLHR000042','EXON ENTERPRISES'),(582,'CLLHR000041','EXPRESS PAC (PVT ) LIMITED'),(583,'CLLHR000620','FAFFCO PET INDUSTRIES (PVT) LTD'),(584,'CLGJW000097','Fahad PVc pipe'),(585,'CLLHR001105','Faisal Chemicals'),(586,'CLGJW000080','Faisal Hameed'),(587,'CLFSD000007','Faisal Madina Plastic'),(588,'CLLHR000788','Faisal Maqsood Printing Press Lahore'),(589,'CLLHR001117','Faisal Packages LHR '),(590,'CLFSD000100','Faisal Plastic industry FSD'),(591,'CLLHR000533','Faisal Waste Sale U-I'),(592,'CLFSD000117','Faisalabad Plastic'),(593,'CLLHR000371','faiz Chemical'),(594,'CLKHI000007','Faiz Enterprises'),(595,'CLLHR001133','Faizan Traders'),(596,'CLKHI000087','Fakhar Paints'),(597,'CLKHI000079','Fakkhar Group of Companies'),(598,'CLFSD000161','FANCY PLASTIC INDUSTRY'),(599,'CLLHR000458','Fancy Soft'),(600,'CLRWP000032','FAQSON INTERNATIONAL INDUSTRIES'),(601,'CLLHR000825','Faraz Shahid Plastic Lahore'),(602,'CLLHR000253','FARHAN INTERNATIONAL'),(603,'CLLHR000971','Farooq & sons Band Road'),(604,'CLLHR001271','Farooq Arshad - Waste Sales'),(605,'CLSKT000024','FAROOQ BROTHERS'),(606,'CLQUT000004','Farooq Ghee & oil'),(607,'CLLHR000239','FARRUKH HAMEED'),(608,'CLLHR000482','Farzand Plastic Store'),(609,'CLLHR000779','Fashion & Feet'),(610,'CLLHR000900','Fasi & Company'),(611,'CLFSD000118','Fassi Karachi Traders Fsd'),(612,'CLLHR000909','FAST CABLES LIMITED'),(613,'CLGDN000028','Fast Fiber Gadoon'),(614,'CLLHR000269','FAST FLOW PIPES PRIVATE LIMITED'),(615,'CLFSD000130','Fast Inks & Chemicals Fsd'),(616,'CLFSD000053','Fateh Textiles'),(617,'CLRWP000027','Fateyha HDPE Pipes'),(618,'CLSDQ000001','FATIMA PACKAGING LIMITED'),(619,'CLLHR000859','FATIMA PLASTIC'),(620,'CLLHR000385','Fayaz Paint Store'),(621,'CLKHI000082','Fazal & Sons Pvt Limited'),(622,'CLKHI000229','FAZAL AND SONS PACKAGES'),(623,'CLPSW000060','Fazal Plastic Peshawar'),(624,'CLHAT000014','FB TEXTILE (PRIVATE) LIMITED'),(625,'CLGJW000040','FBW CORPORATION'),(626,'CLISD000010','FEDERAL PAINT INDUSTRIES'),(627,'CLLHR000885','Feel Soft'),(628,'CLKHI000062','Fenchem Bio Tech Limited'),(629,'CLKHI000008','FEROZ PLASTIC'),(630,'CLKHI000310','FEROZ BIN QASIM PACKAGES'),(631,'CLLHR000350','Ferry Paint Industry'),(632,'CLLHR001023','FF PLASTIC BUND ROAD'),(633,'CLLHR000982','FG stock Unit I Unit II'),(634,'CLLHR000827','Fiber Craft Lahore'),(635,'CLLHR001130','Fiber Tex Industries'),(636,'CLFSD000050','FINE ART PRESS'),(637,'CLLHR000435','Fine Chemicals'),(638,'CLLHR000650','FINE CRYSTOPLAST PRIVATE LIMITED'),(639,'CLLHR000043','FINE FIBRES'),(640,'CLFSD000008','FINE INDUSTRIES (PRIVATE) LIMITED'),(641,'CLLHR000044','Fine Plastic Industries (Imran Sb)'),(642,'CLMUL000006','FINE PLASTICIZERS (PVT ) LIMITED'),(643,'CLGJW000085','Fine PPRC'),(644,'CLLHR001279','FINE SOLE BAND ROAD'),(645,'CLKHI000314','FINE STAR INDUSTRIES (PRIVATE) LIMITED'),(646,'CLKHI000009','Fine Star Plastic'),(647,'CLSKT000012','Fircos Shoes'),(648,'CLLHR000198','Firhaj Footwear'),(649,'CLLHR001198','FIRST TREET MANUFACTURING MODARABA'),(650,'CLLHR000544','Fizza Traders'),(651,'CLFSD000163','Flexotex Water Tank FSB '),(652,'CLISD000016','Flower Shoes'),(653,'CLKHI000058','FM Shoes'),(654,'CLLHR001259','FOAMCO (PRIVATE) LIMITED'),(655,'CLLHR000622','Footmate'),(656,'CLLHR000512','FOOTPETALS (PVT) LTD'),(657,'CLLHR000199','For Tech (Pvt) Ltd (LMD)'),(658,'CLRWP000020','Force Battery'),(659,'CLLHR000493','Forvil Cosmetics'),(660,'CLSKT000004','FORWARD SPORTS (PRIVATE) LIMITED'),(661,'CLLHR000592','Forwill Cosmetics'),(662,'CLJAR000001','Fresh Poly'),(663,'CLPSW000011','Friends Colors Plastic Industry'),(664,'CLQUT000006','Friends Enterprises PVC Pipe'),(665,'CLGJW000092','Friends Enterprises Gujranwala '),(666,'CLLHR000769','FRIENDS ENVIRONMENTAL SOLUTIONS'),(667,'CLLHR001257','FRIENDS INDUSTRIES'),(668,'CLMUL000026','Friends Plastic Factory'),(669,'CLHAT000002','Friends Polymer (Pvt) Ltd '),(670,'CLRWP000022','Frontier Paper Products (Pvt) Ltd '),(671,'CLKHI000238','FULL BRITE PLASTIC INDUSTRIES'),(672,'CLLHR000449','Functional Chemicals & Polymers'),(673,'CLLHR000221','Furqan Fiber'),(674,'CLFSD000051','FUTURE PACK FILMS'),(675,'CLFSD000009','G H & SONS PLASTIC INDUSTRIES (PRIVATE) LIMITED'),(676,'CLLHR001011','G M CABLES & PIPES (PVT) LTD'),(677,'CLPSW000012','GA POLYMER (PRIVATE)LIMITED COMPANY'),(678,'CLLHR000045','Gaba Chemical'),(679,'CLFSD000069','Galaxy PPRC'),(680,'CLKHI000036','GARIBSONS (PRIVATE) LIMITED'),(681,'CLLHR000046','Garter Ind'),(682,'CLISD000015','GD Shoes'),(683,'CLLHR000821','General Color'),(684,'CLGJT000019','GENERAL FAN COMPANY (PRIVATE) LIMITED'),(685,'CLLHR000670','Geo Plastic industry'),(686,'CLLHR000397','GEO Traders'),(687,'CLLHR001183','Ghaffar Plastic Lahore '),(688,'CLSKT000020','Ghazi Plastic Shopping Bags Sialkot '),(689,'CLLHR000489','Ghouri Inks'),(690,'CLMUL000018','Ghousia Packages'),(691,'CLLHR000701','Ghulam Hussain'),(692,'CLLHR001166','Ghulam Mustafa Waste Customer U-I'),(693,'CLLHR001018','Ghulam Nabi Waste Contractor U-I'),(694,'CLGJW000082','GJ INDUSTRIES (PVT ) LIMITED'),(695,'CLLHR000947','Glitron Products'),(696,'CLLHR000240','GLOBAL ENTERPRISE'),(697,'CLLHR000383','GLOBAL INKS & CHEMICALS PVT LTD '),(698,'CLRWP000017','Global Packages'),(699,'CLLHR001182','Global Packaging Manga Lahore '),(700,'CLLHR000644','Gloo Paints'),(701,'CLSKT000007','Gloves & Gloves'),(702,'CLLHR000698','GM Cables Lahore'),(703,'CLLHR000410','GM Chemicals'),(704,'CLFSD000074','GMSA Chemical'),(705,'CLLHR000329','Go Walk'),(706,'CLLHR000813','Gobis Paint'),(707,'CLLHR001099','Goga Plastic Lahore '),(708,'CLFSD000110','GOHAR TEXTILE MILLS (PRIVATE) LIMITED'),(709,'CLLHR000318','Gold Star'),(710,'CLRWT000002','GOLDBERG PAINT INDUSTRIES'),(711,'CLLHR000299','Golden Chemicals'),(712,'CLLHR001243','Golden Chemicals '),(713,'CLLHR000975','Golden Enterprises'),(714,'CLLHR000686','Golden packages lahore'),(715,'CLGJW000086','GOLDEN POLY TECH (PRIVATE) LIMITED'),(716,'CLLHR001073','Golden Water Tanks Mughal Industries '),(717,'CLGJT000021','Gondal Industries Gujrat'),(718,'CLLHR000200','Good Life Shoes'),(719,'CLLHR000550','Good Paint Industry'),(720,'CLLHR000796','Good Win Plastic'),(721,'CLFSD000116','Gourmet Foods FSD'),(722,'CLLHR000047','GRACE IMPEX (SMC-PVT) LIMITED '),(723,'CLLHR000903','Grace Plastic Industry'),(724,'CLLHR000946','Green Earth Recycling pakistan'),(725,'CLLHR000732','Green Foam industry Lahore'),(726,'CLRWP000002','GREEN FOOTWARE INDUSTRIES'),(727,'CLLHR000776','GREEN INSULATION (PVT ) LIMITED'),(728,'CLLHR000048','Green Plastic'),(729,'CLLHR000496','Green Soft'),(730,'CLLHR000049','Guddu Toys'),(731,'CLKHI000060','Guides Corporation'),(732,'CLGJW000089','GUJRANWALA FOOD INDUSTRIES (PVT) LTD'),(733,'CLGJW000008','Gujranwala Food Industry SVA Ruba'),(734,'CLSWT000002','GUL KHAN SAWAT'),(735,'CLPSW000044','Gul Printing Packages'),(736,'CLKHI000233','GULF CHEMICAL PVT LTD'),(737,'CLLHR000050','GULF FIBER COMPANY PRIVATE LIMITED'),(738,'CLLHR000491','Gulf Paint Inds'),(739,'CLLHR000051','Gulshan poly LHR Mr Shakeel'),(740,'CLKHI000136','GUM Corporation Karachi'),(741,'CLFSD000132','H & F ENTERPRISES'),(742,'CLKHI000057','HA Traders'),(743,'CLLHR001320','HABIB METROPOLITAN BANK LIMITED'),(744,'CLFSD000172','Habib Plastic FSB '),(745,'CLLHR000867','Habib Titanium'),(746,'CLPSW000048','Habibullah'),(747,'CLLHR001086','Hadayat Sons'),(748,'CLKHI000236','HAFEEZ SONS ENTERPRISES'),(749,'CLLHR001111','Hafiz Bilal Waste Customer U-I'),(750,'CLLHR000294','Hafiz Brothers'),(751,'CLLHR000242','HAFIZ ENTERPRISES'),(752,'CLLHR000052','Hafiz Iqbal Brothers'),(753,'CLLHR001050','Hafiz Shopping Bag'),(754,'CLFSD000166','Haider Poly Packages FSB '),(755,'CLFSD000199','HAJI PRINTERS'),(756,'CLLHR001251','Haji Zahid shopping'),(757,'CLPSW000013','Haji Zarghon'),(758,'CLLHR001081','Hakim Khan waste customer U-I'),(759,'CLLHR000339','Halal Dyes'),(760,'CLFSD000160','Haleem Kaleem Poly FSB '),(761,'CLLHR000507','Hameed Packaging Industry Limited'),(762,'CFKBL000002','Hamid Sharfi'),(763,'CLLHR000314','Hamza Chemical'),(764,'CLLHR000598','Hamza Paint'),(765,'CLLHR000210','Hamza Plastic Old'),(766,'CLMUL000061','Hamza Trader'),(767,'CLLHR001024','Hamza waste contractor U-I'),(768,'CLKHI000067','Hani Sons Textile'),(769,'CLLHR001225','HANIF & SONS TRADERS'),(770,'CLLHR001016','Hanif Waste Contractor U-I'),(771,'CLFSD000094','Happiness Industries'),(772,'CLLHR000055','Haris Silicion'),(773,'CFKBL000011','Haris Wali Fiber Afghanistan '),(774,'CLPSW000010','HAROON ENTERPRISES DNC'),(775,'CLRWP000035','Haroon Trader Rawalpindi '),(776,'CLRWP000016','Haroon Traders'),(777,'CLKHI000089','Harris Plastic'),(778,'CLLHR000552','Haseen Group'),(779,'CLLHR000437','Haseen Rubber'),(780,'CLPSW000068','Hasham Waste contractor U-I'),(781,'CLGJW000070','HASHIM KHUDADAAD HAMID (SMC-PRIVATE) LIMITED'),(782,'CLLHR001169','HASNAIN PLASTICS (PRIVATE) LIMITED'),(783,'CLLHR000056','HASSAN LEATHER INDUSTRIES'),(784,'CLLHR000983','Hassan Plas'),(785,'CLLHR000338','HASSAN PLAS INTERNATIONAL'),(786,'CLLHR000602','Hassan Plastic Lhr'),(787,'CLLHR000954','HASSAN PLASTIC WORKS'),(788,'CLLHR001001','Hassan Traders LHR'),(789,'CLLHR001027','Hayat Plastic'),(790,'CLGJW000024','HB Plastic'),(791,'CLLHR000511','Head Office (BR)'),(792,'CLRYK000002','Heera Plastic (Heera Pesticide)'),(793,'CLLHR001135','Hero Cables'),(794,'CLSGD000008','Hero Pak Electrical Industry'),(795,'CLFSD000071','HHH Plastic'),(796,'CLKHI000147','Hi Make Industries Karachi'),(797,'CLLHR000665','Hi Tech Blending Pvt ltd'),(798,'CLSKT000017','Hibco International Sialkot '),(799,'CLISD000003','High Precision Engineering Multi Tech'),(800,'CLMUL000056','High Resolution Industry'),(801,'CLLHR000236','HIGH TECH PRINTING INK'),(802,'CLISD000033','HIKMAT PUMP IMPORT AND EXPORT INDUSTRY (PRIVATE) LIMITED'),(803,'CLLHR000567','Hilal Coating Industry'),(804,'CLKHI000223','HINAH IMPEX'),(805,'CLLHR000057','HIRA PLASTIC WORKS (PVT) LTD'),(806,'CLKHI000221','HI-TECH INKS'),(807,'CLKHI000010','HMK international'),(808,'CLKHI000086','HN Enterprises'),(809,'CLLHR000053','HNR COMPANY (PVT) LIMITED'),(810,'CLLHR000446','Home Color Paints'),(811,'CLGJW000035','Home Light Paints'),(812,'CLRWT000001','Home Style Paints'),(813,'CLLHR000895','Honey Gold Paints'),(814,'CLFSD000183','Hoorain Plastic Industry'),(815,'CLFSD000153','Horizon International'),(816,'CLKHI000230','horizon sourcing'),(817,'CLKHI000264','hPack'),(818,'CLFSD000010','HR PACKAGES & PRINTERS '),(819,'CLLHR001044','HT Plastic'),(820,'CLKHI000145','Hub Poly Packages Pvt Limited'),(821,'CLKHI000217','HUB STAR FOAM PVT LTD'),(822,'CFKBL000004','Humyun Durani Kabul '),(823,'CLLHR000273','Husnain Plastic'),(824,'CLLHR001080','Hussain Brothers'),(825,'CLFSD000175','Hussain Dyes Faisalabad '),(826,'CFCHN000005','Huzhou Ochem'),(827,'CLKHI000220','HYGIENE CONTAINERS (PRIVATE) LIMITED'),(828,'CLMUL000038','Hygiene Industries'),(829,'CLFSD000011','I J PLASTIC INDUSTRIES (PVT) LTD'),(830,'CLLHR000452','I A & Brothers'),(831,'CLKHI000011','IB Plastic'),(832,'CLLHR001249','IBRAHIM ALI PLASTIC WORKS (PRIVATE) LIMITED'),(833,'CLGDN000006','Ibrahim Industry'),(834,'CLLHR000840','Ibrahim Plastic Lahore'),(835,'CLOKR000002','ICE Age Industry'),(836,'CLLHR000752','ICI Pakistan limted'),(837,'CLLHR001322','IDAK PLASTIC MOLDING'),(838,'CLLHR000749','Ideal Foot Fellow'),(839,'CLLHR000333','Ideal Rubber'),(840,'CLLHR000197','IDEAL RUBBER & ENGINEERING INDUSTRIES'),(841,'CLKHI000286','Idrees Ahmed'),(842,'CLLHR001132','IF Chemicals'),(843,'CLFSD000085','Iftikhar ALi Plastic Molding'),(844,'CLLHR001041','Ijaz chemical'),(845,'CLLHR000926','Ikhlaq Plastic'),(846,'CLLHR000916','Ikon Plastic'),(847,'CLBWP000003','IKRAM AND SONS PLASTIC'),(848,'CLFSD000207','IKRAM PLASTIC FACTORY'),(849,'CLFSD000090','Imambari Plastic'),(850,'CLLHR000586','Imran - Waste Sales'),(851,'CLKHI000164','Imran Crown Cork'),(852,'CLFSD000119','Imran Dyes Faisalabad'),(853,'CLLHR000834','Imran Faizan Plastic Lahore'),(854,'CLLHR000058','Imran Plastic LHR'),(855,'CLLHR000761','Imran Waste contractor unit-I'),(856,'CLLHR001134','Imran Waste Customer U-I'),(857,'CLLHR001020','Imran Wood Waste Contractor U-I'),(858,'CLLHR000417','Imtiaz Chemical'),(859,'CLLHR000304','Imtiaz Pet Bottles Pvt Ltd '),(860,'CLLHR000059','Imtyaz Plastic Work'),(861,'CLLHR000407','Indus Motor Ltd'),(862,'CLKSR000004','INDUS PAINT'),(863,'CLLHR000280','Indus Sole Center'),(864,'CLSKT000002','Industrial Gateway'),(865,'CLKHI000215','INNOVA PACKAGING (PVT ) LIMITED'),(866,'CLLHR000988','Innovative Mechanical Solution'),(867,'CLLHR000405','Innovative Plastic Manufacturing Co '),(868,'CLLHR000925','INSPIRE ENGINEERING WORKS'),(869,'CLLHR000327','INSTAPLAST (PRIVATE) LIMITED'),(870,'CLLHR001019','INTEGERATED ENGINEERING SERVICES (PRIVATE) LIMITED'),(871,'CLLHR000060','Intelligent Metering Systems (Private) Limited'),(872,'CLLHR001129','Inter Sales Inter Chem'),(873,'CLLHR000262','INTERMARKET'),(874,'CLKHI000030','INTERNATIONAL CAPS COMPANY'),(875,'CLKHI000181','International Industries Karachi Limited '),(876,'CLLHR000985','INTERNATIONAL INDUSTRIES LIMITED'),(877,'CLPSW000039','International Marketing'),(878,'CLLHR001005','International Petro Chemicals'),(879,'CLLHR001191','IP INDUSTRY (PRIVATE) LIMITED'),(880,'CLLHR000061','Iqbal Plastic'),(881,'CLKHI000248','IQBAL TRADER PVT LIMITED'),(882,'CLLHR001266','IQRA PIPE STORE'),(883,'CLLHR001275','IQRA PLASTIC FACTORY'),(884,'CLLHR000977','Irfan Plastic Peshawer'),(885,'CLPSW000055','Irfan sb Jumbolon Maaz'),(886,'CLKHI000192','Irfan Traders'),(887,'CLLHR001245','Irfani Engineering Work'),(888,'CLLHR000529','IRSHAD SAEED PACKAGING PVT LTD'),(889,'CLLHR000557','Ishaaq Sons'),(890,'CLFSD000014','ISHAQ POLY PROPYLENE (PRIVATE) LIMITED'),(891,'CLKHI000105','ISIS PHARMACEUTICAL & CHEMICAL WORKS'),(892,'CLFSD000062','ITC Plastic'),(893,'CLLHR000976','Ittefaq Plastic Bund road'),(894,'CLLHR000062','Ittefaq Plastic Lhr'),(895,'CLISD000025','Ittefaq Plastic Islamabad'),(896,'CLFSD000015','ITTEFAQ POLY PACKAGES'),(897,'CLLHR000347','Ittehad Packages'),(898,'CLPSW000034','Ittehad Plastic'),(899,'CLMUL000036','J S POLY'),(900,'CLGJW000028','J&J CORPORATION'),(901,'CLKHI000205','J M SONS PVT LTD'),(902,'CLFSD000054','J P PLASTIC INDUSTRIES (PRIVATE) LIMITED'),(903,'CLSKT000025','J SCOUT SPORTS'),(904,'CLLHR000632','Jaffar Chemicals'),(905,'CLLHR000969','Jahangir Chemicals'),(906,'CLPSW000073','JAHANZAIB PLASTIC INDS '),(907,'CLKHI000227','JAI PLASTIC INDUSTRY'),(908,'CLGJW000072','Jakko PPRC Gujranwala '),(909,'CLLHR000499','Jamal Chemical'),(910,'CLFSD000016','Jamal Fiber'),(911,'CLLHR000724','Jamal Pipe Industries'),(912,'CLLHR001272','Jameel Ahmad Waste Contractor U-I'),(913,'CLFSD000017','Jameel Industry'),(914,'CLKHI000012','Japan Packages'),(915,'CLLHR000063','Jasmine Poly Bag'),(916,'CLFSD000164','Jatt Plastic'),(917,'CLLHR000065','JAVAID INTERNATIONAL (PRIVATE) LIMITED'),(918,'CLLHR001267','JAWA CHEMICAL'),(919,'CLLHR000433','JAWA PAINT INDUSTRY'),(920,'CLLHR000298','Jawaid Plastic Malik Nasir'),(921,'CLFSD000055','JB Packages'),(922,'CLLHR000064','Jet Plas'),(923,'CLLHR000810','JETSIL MICRON MR FURQAN ASLAM'),(924,'CLSGD000009','JHI Plastic'),(925,'CFCHN000010','Jiangsu shuangle'),(926,'CLKHI000270','JILANI INDUSTRIAL CORPORATION (PRIVATE) LIMITED'),(927,'CLLHR000066','JILANI POLY INDUSTRIES (PRIVATE) LIMITED'),(928,'CFAFG000005','Jillani Abaseen'),(929,'CLKHI000177','JILLANI FLEXIBLE PACKAGES (PRIVATE) LIMITED'),(930,'CLLHR000721','Jillani Multpack Pvt Ltd'),(931,'CLLHR001067','Jillani Plastic - CALPET'),(932,'CLLHR001068','Jillani Poly - CALPET'),(933,'CLMUL000032','Jillani Trader Multan'),(934,'CFCHN000003','Jinan Yuxing Chemical Co Ltd'),(935,'CLLHR000520','JP Shoes'),(936,'CLGJW000054','JR Plastic'),(937,'CLLHR000067','Junaid Plastic House'),(938,'CLLHR000068','JW Industry'),(939,'CLLHR000485','JW VENDOR CITY (PRIVATE) LIMITED'),(940,'CLLHR000069','K Shoes LMD (Sundar)'),(941,'CLLHR000373','K M FOOD INDUSTRIES (PVT ) LIMITED'),(942,'CLLHR000071','K S F TRI-ZONE INDUSTRIES (PVT ) LIMITED'),(943,'CLPSW000014','K K ENGINEERING & PP MAT INDUSTRIES'),(944,'CLKHI000103','K S Enterprises'),(945,'CLLHR000865','K S F Trizone (Calpit)'),(946,'CLLHR000703','Kadam Soft'),(947,'CLFSD000122','Kalash Textile Fsd'),(948,'CLLHR000494','Kamal Khan PU'),(949,'CLFSD000137','Kamal Limited FSD'),(950,'CLRYK000001','Kamboh Plastic'),(951,'CLLHR000950','KAMRAN INDUSTRIES'),(952,'CLLHR001184','kamran plastic Band Road'),(953,'CLFSD000113','Kamran Textile Mills'),(954,'CLKHI000190','Kansai Paint (IID)'),(955,'CLKHI000111','KANSAI PAINTS (PVT) LIMITED'),(956,'CLFSD000083','Karachi Plastic FSD'),(957,'CLISD000011','KARACHI PRINTING SERVICES'),(958,'CLGJW000107','Karam Plastic Colors&Chemical'),(959,'CLSKT000010','Karam Poly Pack'),(960,'CLLHR000524','Karamat & Sons'),(961,'CLFSD000198','KARAMAT ALI'),(962,'CLMUL000073','KAREEM PACKAGES'),(963,'CLKHI000013','Karim Container'),(964,'CLKHI000251','KARIM CONTAINERS (PRIVATE) LIMITED'),(965,'CLFSD000171','KARMAN WALA PLASTIC'),(966,'CLFSD000049','KARSS PAINT'),(967,'CLFSD000057','KARSS PAINT INDUSTRIES (PVT) LTD'),(968,'CLLHR000933','Kashif Industries'),(969,'CLPSW000078','KAWSAR ENGINEERING (PRIVATE) LIMITED'),(970,'CLFSD000111','Kay & EMMS'),(971,'CLKHI000059','Kay Shoes'),(972,'CLLHR000072','Kelidex'),(973,'CLLHR001095','Kenzo (IID)'),(974,'CLLHR001187','KF Chemicals'),(975,'CLGJT000025','KHALID BAG MAKER'),(976,'CLKHI000307','Khalid Industry'),(977,'CLLHR000631','Khalid Mehmood Waste sale Contractor U-I'),(978,'CLSKT000014','Khalid Tahir brother'),(979,'CFKBL000008','Khalil Yousafi'),(980,'CLLHR000073','KHALIS FIBRE (PRIVATE) LIMITED'),(981,'CLLHR000626','Khan Plastic'),(982,'CLPSW000049','KHAN POLYMERS (PRIVATE) LIMITED'),(983,'CLPSW000035','Khawaja & Sons'),(984,'CLLHR001178','Khawaja Adhesive Taps PVT LTD'),(985,'CLKHI000014','Khawaja Ali'),(986,'CLLHR000074','Khawaja Electronics'),(987,'CLLHR000243','KHAWAJA MAQBOOL & CO '),(988,'CLMUL000020','Khawaja Minerals'),(989,'CLFSD000168','Khawaja Packages FSB '),(990,'CLMUL000033','Khawaja Paints & Chemicals'),(991,'CLLHR000075','Khawar Plastic'),(992,'CLSKT000029','KHOKHAR OF SIALKOT '),(993,'CLLHR001306','khurram mazhir'),(994,'CLGJW000094','Khurram Pet Gujranwala'),(995,'CLFSD000169','Khurram Shahzad FSB'),(996,'CLLHR001180','khursheed norani lahore'),(997,'CLLHR001032','Khurshid Enterprises'),(998,'CLRWP000010','Khyber Plastic'),(999,'CLPSW000062','Khyber Plastic (CMD)'),(1000,'CLMUL000034','King Packaging'),(1001,'CLLHR001302','KING POWER PLASTIC'),(1002,'CLGDN000020','KINGRISE PETROCHEMICAL (PVT) LTD'),(1003,'CLKHI000124','KK Plastic Karachi'),(1004,'CLLHR000541','KLASS ELECTRIC COMPANY'),(1005,'CLFSD000019','Kohistan Poly Packages'),(1006,'CLKHI000148','KOLACHEE INTERNATIONAL'),(1007,'CLKHI000214','KOLACHEE INTERNATIONAL (PRIVATE) LIMITED'),(1008,'CLLHR000548','Kold Karaft'),(1009,'CLKHI000015','KOMPASS PAKISTAN (PRIVATE) LIMITED'),(1010,'CLLHR000614','Konica Minolta Office Automation Group'),(1011,'CLKHI000143','Korona Films Pvt Limited Karachi'),(1012,'CLLHR000324','K-PACK (PRIVATE) LIMITED'),(1013,'CLLHR000461','KR Industry'),(1014,'CLLHR000538','KT Shoes'),(1015,'CLLHR001313','KUKU INDUSTRIES LUSTRE A Z & CO (PVT) LTD'),(1016,'CLLHR000286','Lahore Color'),(1017,'CLLHR001006','Lahore Medical Instrument'),(1018,'CLLHR000447','Lahore Paint House'),(1019,'CLLHR000767','Lahore Paint Industry (IID)'),(1020,'CLLHR000871','Lahore Poly (Pvt) Ltd - Calpet'),(1021,'CLLHR000076','LAHORE POLYPROPYLENE INDUSTRIES (PVT) LIMITED'),(1022,'CLSKT000013','Lahore Traders'),(1023,'CLKHI000287','LAKHANI GLASS (PVT) LTD'),(1024,'CLKHI000016','LAKHANI POLYBAG INDUSTRY'),(1025,'CLPSW000052','Lasani Chatie'),(1026,'CLLHR000077','LASANI FIBER INDUSTRIES (SMC-PVT ) LTD '),(1027,'CLLHR000501','Lasting EVA'),(1028,'CLLHR000939','Latif Waste contractor Unit-I'),(1029,'CLGJW000060','Leader Plastic Guj'),(1030,'CLLHR001113','Liaqat Ali Waste Customer U-I'),(1031,'CLLHR000500','Life Care PPRC'),(1032,'CLLHR000311','Life Sole'),(1033,'CLLHR000078','Life Style'),(1034,'CLLHR000642','Lime Stone Pvt Ltd'),(1035,'CLLHR000272','Lion Soft'),(1036,'CFIND000002','Lona Industries Limited'),(1037,'CLKHI000315','LOVING LEATHER'),(1038,'CLLHR000080','LUCKY PACKAGING INDUSTRIES (PVT) LTD'),(1039,'OTHER000005','Lucky plastic Abbtabad'),(1040,'CLLHR001040','Lucky Plastic ind CCT'),(1041,'CLLHR000079','LUCKY PLASTIC INDUSTRIES (PRIVATE) LIMITED'),(1042,'CLLHR000645','Lucky Plastic Pet Lahore'),(1043,'CLLHR001144','Luqman Enterprises'),(1044,'CLFSD000156','LyallPur Poly'),(1045,'CLFSD000193','M AFZAL ENTERPRISES'),(1046,'CLLHR000081','M Arshad'),(1047,'CLFSD000177','M N CHEMICAL INDUSTRIES (PRIVATE) LIMITED'),(1048,'CLFSD000089','M A Plastic'),(1049,'CLLHR000037','M A POLYMERS'),(1050,'CLKHI000297','M AHSAN KHAN'),(1051,'CLLHR001236','M H Y POLY INDUSTRIES (PRIVATE) LIMITED'),(1052,'CLLHR001070','M I Plastic Lahore'),(1053,'CLLHR001120','M Iqbal Waste Customer U-1'),(1054,'CLSKT000026','M J Paint Industry'),(1055,'CLFSD000134','M K Sons FSD'),(1056,'CFKBL000012','M Latif Sharfi Kabul '),(1057,'CLMUL000068','M M Baksh Pipe store'),(1058,'CLLHR000597','M M Zahoor Traders'),(1059,'CLMUL000021','M M PLASTIC INDUSTRY'),(1060,'CLKHI000077','M Mezher'),(1061,'CLFSD000047','M N SONS'),(1062,'CLHAT000003','M S Poly Packages'),(1063,'CLKHI000200','M S POLYMER'),(1064,'CLGJT000023','M S I Fan Ind Gujrat '),(1065,'CLKHI000208','M ZAHID SHOE SOLE MFG'),(1066,'CLLHR000830','M S Rafique Polymers Industries'),(1067,'CLLHR000729','MA Pet Plastic Lahore'),(1068,'CLLHR000740','Ma Shaa ALLAH Plastic'),(1069,'CLKHI000283','MAA PLASTIC-HUB'),(1070,'CLFSD000191','MADINA PLASTIC FACTORY'),(1071,'CLLHR000082','MADINA POLY PACKAGES'),(1072,'CLFSD000165','Madina Sugar Mills LTD'),(1073,'CLRWP000003','Madina Trading(Rawlpdi)'),(1074,'CLGJW000010','Madni Polytex Gujranwala'),(1075,'CLLHR001014','Madni Trader Bund road'),(1076,'CLLHR000083','Maestro Plas'),(1077,'CLLHR000277','MAF Plastic'),(1078,'CLFSD000202','MAHAR IRRIGATION SYSTEM (PRIVATE) LIMITED'),(1079,'CLKHI000152','MAINETTI PAKISTAN (PRIVATE) LIMITED'),(1080,'CLKHI000298','majestic watercool khi'),(1081,'CLLHR000596','Majid Paint Industry'),(1082,'CLLHR000958','Makhdoom Plastic Lahore'),(1083,'CLFSD000184','Makkha Plastic Faisalabad '),(1084,'CLLHR001312','MALEK FOAM INDUSTRY (PRIVATE) LIMITED'),(1085,'CLLHR000088','MALIK & COMPANY'),(1086,'CLLHR000607','Malik (Arif Sunder)'),(1087,'CLLHR000643','Malik Abdul Ghafoor Waste Contractor Unit-I'),(1088,'CLLHR000084','Malik Babar Plastic Rauf Shoping Bags'),(1089,'CLMUL000029','Malik Faisal'),(1090,'CLLHR001206','Malik Mehboob plastic'),(1091,'CLLHR000510','Malik Mumtaz'),(1092,'CLLHR001036','Malik Mushtaq Waste U-1'),(1093,'CLLHR000085','Malik Nadeem Plastic'),(1094,'CLSKT000022','MALIK PACKAGES'),(1095,'CLRWP000025','Malik Paints'),(1096,'CLFSD000020','Malik Plastic Printers'),(1097,'CLRWP000004','Malik Plastic Rawalpindi'),(1098,'CLGJT000003','Malik Polypropelene Gujrat'),(1099,'CLLHR000880','Malik Riaz waste contractor'),(1100,'CLLHR000570','Malik Saqib'),(1101,'CLLHR000839','Malik Wasim Waste contractor U-I'),(1102,'CLLHR000209','Malik Younas Plastic'),(1103,'CFIND000001','Mallak Specialities'),(1104,'CLLHR000534','Malo Corporation Industry'),(1105,'CLLHR001231','MAMZ ASPHALT TECHNOLOGIES PVT LTD'),(1106,'CLKHI000125','Man Enterprises'),(1107,'CLMUL000053','Mansoor Sb '),(1108,'CLLHR000086','Mapco Poly Bag'),(1109,'CLLHR000535','Maqbool & Sons'),(1110,'CLKHI000292','MAQSON SYNTHETICS'),(1111,'CLKHI000033','MAQSOOD AHMED TRADERS'),(1112,'CLLHR000998','MAQSOOD FAISAL PRINTING PRESS (SMC-PVT) LIMITED'),(1113,'CLFSD000003','MAQSOOD PLASTIC'),(1114,'CLLHR000635','Maqsood waste Contractor Unit-I'),(1115,'CLGDN000007','MARGALA PACKAGES & ALLIED INDUSTRIES (PRIVATE) LIMITED'),(1116,'CLGDN000032','Margalla Packages (Calpit) Gadoon '),(1117,'CLISD000004','Margalla Trading Co'),(1118,'CLISD000005','MARK INDUSTRIES'),(1119,'CLMUL000027','Marko Paints'),(1120,'CLKHI000185','Maryam Trader Karachi '),(1121,'CLLHR000952','Masood Textile'),(1122,'CLGJW000075','Master Ballpoint Pen Industries (PVT) Ltd'),(1123,'CLLHR001274','MASTER ENERGY'),(1124,'CLKHI000167','MASTER ENGINEERING'),(1125,'CLKHI000017','MASTER ENTERPRISES (PVT) LTD'),(1126,'CLGJW000044','Master Fit'),(1127,'CLHAT000004','Master Karachi Tuff'),(1128,'CLLHR000630','Master Paint');

/*Table structure for table `tbldevstatus` */

CREATE TABLE `tbldevstatus` (
  `d_id` int(11) NOT NULL AUTO_INCREMENT,
  `d_option` varchar(10) DEFAULT NULL,
  PRIMARY KEY (`d_id`)
) ENGINE=InnoDB AUTO_INCREMENT=4 DEFAULT CHARSET=utf8;

/*Data for the table `tbldevstatus` */

insert  into `tbldevstatus`(`d_id`,`d_option`) values (1,'Continue'),(2,'Completed'),(3,'Stopped');

/*Table structure for table `tblheat` */

CREATE TABLE `tblheat` (
  `h_id` int(11) NOT NULL AUTO_INCREMENT,
  `h_option` varchar(10) DEFAULT NULL,
  PRIMARY KEY (`h_id`)
) ENGINE=InnoDB AUTO_INCREMENT=6 DEFAULT CHARSET=utf8;

/*Data for the table `tblheat` */

insert  into `tblheat`(`h_id`,`h_option`) values (1,'120-1900'),(2,'180-2200'),(3,'220-2700'),(4,'270-3200'),(5,'3200C+');

/*Table structure for table `tblhighlow` */

CREATE TABLE `tblhighlow` (
  `hl_id` int(11) NOT NULL AUTO_INCREMENT,
  `hl_option` varchar(10) DEFAULT NULL,
  PRIMARY KEY (`hl_id`)
) ENGINE=InnoDB AUTO_INCREMENT=3 DEFAULT CHARSET=utf8;

/*Data for the table `tblhighlow` */

insert  into `tblhighlow`(`hl_id`,`hl_option`) values (1,'High \r\n'),(2,'Low\r\n');

/*Table structure for table `tbllight` */

CREATE TABLE `tbllight` (
  `l_id` int(11) NOT NULL AUTO_INCREMENT,
  `l_option` varchar(50) DEFAULT NULL,
  PRIMARY KEY (`l_id`)
) ENGINE=InnoDB AUTO_INCREMENT=5 DEFAULT CHARSET=utf8;

/*Data for the table `tbllight` */

insert  into `tbllight`(`l_id`,`l_option`) values (1,'Indoor\r\n'),(2,'Out door\r\n'),(3,'Indoor/Outdoor\r\n'),(4,'UV stabilized\r\n');

/*Table structure for table `tblmeetingtypes` */

CREATE TABLE `tblmeetingtypes` (
  `mt_id` int(11) NOT NULL AUTO_INCREMENT,
  `mt_name` varchar(256) DEFAULT NULL,
  `mt_status` int(1) DEFAULT '0',
  PRIMARY KEY (`mt_id`)
) ENGINE=InnoDB AUTO_INCREMENT=4 DEFAULT CHARSET=utf8;

/*Data for the table `tblmeetingtypes` */

insert  into `tblmeetingtypes`(`mt_id`,`mt_name`,`mt_status`) values (1,'Visit',1),(2,'Phone Call',1),(3,'Whatsapp',1);

/*Table structure for table `tblopacity` */

CREATE TABLE `tblopacity` (
  `o_id` int(11) NOT NULL AUTO_INCREMENT,
  `o_option` varchar(10) DEFAULT NULL,
  PRIMARY KEY (`o_id`)
) ENGINE=InnoDB AUTO_INCREMENT=4 DEFAULT CHARSET=utf8;

/*Data for the table `tblopacity` */

insert  into `tblopacity`(`o_id`,`o_option`) values (1,'Same\r\n'),(2,'Less\r\n'),(3,'More\r\n');

/*Table structure for table `tblpassfail` */

CREATE TABLE `tblpassfail` (
  `pf_id` int(11) NOT NULL AUTO_INCREMENT,
  `pf_option` varchar(10) DEFAULT NULL,
  PRIMARY KEY (`pf_id`)
) ENGINE=InnoDB AUTO_INCREMENT=3 DEFAULT CHARSET=utf8;

/*Data for the table `tblpassfail` */

insert  into `tblpassfail`(`pf_id`,`pf_option`) values (1,'Pass'),(2,'Fail');

/*Table structure for table `tblpd2r` */

CREATE TABLE `tblpd2r` (
  `pd2r_id` int(11) NOT NULL AUTO_INCREMENT,
  `r1_pl_id` int(11) DEFAULT NULL,
  `pd2r_closest_existing_grade` text,
  `pd2r_closest_trail_grade` text,
  `pd2r_recommendation` text,
  `pd2r_recommendation_date` date DEFAULT NULL,
  `pd2r_new_dev_required` enum('Yes','No') DEFAULT NULL,
  `pd2r_plan_date_trails` date DEFAULT NULL,
  `pd2r_etd` date DEFAULT NULL,
  `pd3r_flag` enum('Y','N','C','F') DEFAULT NULL,
  `pd2r_created_by` int(11) DEFAULT '0',
  `pd2r_created_on` date DEFAULT NULL,
  `pd2r_creation_time` time DEFAULT NULL,
  `pd2r_status` enum('Active','Inative','Rejected') DEFAULT 'Active',
  `pd3r_dev_start_date` date DEFAULT NULL,
  `pd3r_dev_start_time` time DEFAULT NULL,
  `pd3r_dev_status` varchar(256) DEFAULT NULL,
  `pd3r_dev_reason` text,
  `pd3r_dev_end_date` date DEFAULT NULL,
  `pd3r_dev_end_time` time DEFAULT NULL,
  `pd4r_final_report` varchar(256) DEFAULT NULL,
  `pd4r_final_report_att` text,
  `pd4r_sample_code` varchar(256) DEFAULT NULL,
  `pd4r_sample_qty` varchar(20) DEFAULT NULL,
  `pd4r_updated_by` int(11) DEFAULT '0',
  `pd4r_updated_on` date DEFAULT NULL,
  `pd4r_updated_time` time DEFAULT NULL,
  PRIMARY KEY (`pd2r_id`)
) ENGINE=InnoDB AUTO_INCREMENT=2 DEFAULT CHARSET=utf8;

/*Data for the table `tblpd2r` */

insert  into `tblpd2r`(`pd2r_id`,`r1_pl_id`,`pd2r_closest_existing_grade`,`pd2r_closest_trail_grade`,`pd2r_recommendation`,`pd2r_recommendation_date`,`pd2r_new_dev_required`,`pd2r_plan_date_trails`,`pd2r_etd`,`pd3r_flag`,`pd2r_created_by`,`pd2r_created_on`,`pd2r_creation_time`,`pd2r_status`,`pd3r_dev_start_date`,`pd3r_dev_start_time`,`pd3r_dev_status`,`pd3r_dev_reason`,`pd3r_dev_end_date`,`pd3r_dev_end_time`,`pd4r_final_report`,`pd4r_final_report_att`,`pd4r_sample_code`,`pd4r_sample_qty`,`pd4r_updated_by`,`pd4r_updated_on`,`pd4r_updated_time`) values (1,1,' Closest Existing Grade ',' Closest Trial Grade ',' Recommendation (If Matched) ','2021-02-28','Yes','2021-02-28','2021-02-28','F',2,'2021-02-08','00:33:00','Active','2021-02-08','12:00:00','Continue','','2021-02-28','12:00:00','Color Analysis Report/Shade Card','A-20210208104855-Book222.csv','Test Sample 123','1',2,'2021-02-08','22:48:00');

/*Table structure for table `tblpriority` */

CREATE TABLE `tblpriority` (
  `p_id` int(11) NOT NULL AUTO_INCREMENT,
  `p_option` varchar(50) DEFAULT NULL,
  PRIMARY KEY (`p_id`)
) ENGINE=InnoDB AUTO_INCREMENT=6 DEFAULT CHARSET=utf8;

/*Data for the table `tblpriority` */

insert  into `tblpriority`(`p_id`,`p_option`) values (1,'High (If E.P > 20 MT)\r\n'),(2,'Medium (If E.P < 20 MT)\r\n'),(3,'Normal (If E.P < 10 MT)\r\n'),(4,'Low (If E.P < 05 MT)\r\n'),(5,'Special/Prime  \r\n');

/*Table structure for table `tblproductcategory` */

CREATE TABLE `tblproductcategory` (
  `pc_id` int(11) NOT NULL AUTO_INCREMENT,
  `pc_name` varchar(256) DEFAULT NULL,
  `pc_status` int(1) DEFAULT '1',
  PRIMARY KEY (`pc_id`)
) ENGINE=InnoDB AUTO_INCREMENT=14 DEFAULT CHARSET=utf8;

/*Data for the table `tblproductcategory` */

insert  into `tblproductcategory`(`pc_id`,`pc_name`,`pc_status`) values (1,'White\r\n',1),(2,'Black\r\n',1),(3,'Yellow \r\n',1),(4,'Orange\r\n',1),(5,'Red/Pink\r\n',1),(6,'Beige\r\n',1),(7,'Green\r\n',1),(8,'Voilet\r\n',1),(9,'Blue\r\n',1),(10,'Filler\r\n',1),(11,'Special\r\n',1),(12,'Additive\r\n',1),(13,'Compound\r\n',1);

/*Table structure for table `tblproductlines` */

CREATE TABLE `tblproductlines` (
  `pl_id` int(11) NOT NULL AUTO_INCREMENT,
  `pl_name` varchar(256) DEFAULT NULL,
  `pl_status` int(1) DEFAULT '1',
  PRIMARY KEY (`pl_id`)
) ENGINE=InnoDB AUTO_INCREMENT=9 DEFAULT CHARSET=utf8;

/*Data for the table `tblproductlines` */

insert  into `tblproductlines`(`pl_id`,`pl_name`,`pl_status`) values (1,'CMD',1),(2,'SMD-E',1),(3,'LMD\r\n',1),(4,'CCD\r\n',1),(5,'Textile\r\n',1),(6,'DPM\r\n',1),(7,'PCC\r\n',1);

/*Table structure for table `tblproductsublines` */

CREATE TABLE `tblproductsublines` (
  `pld_id` int(11) NOT NULL AUTO_INCREMENT,
  `pl_id` int(11) DEFAULT '0',
  `pld_name` varchar(256) DEFAULT NULL,
  `pld_status` int(1) DEFAULT '1',
  PRIMARY KEY (`pld_id`)
) ENGINE=InnoDB AUTO_INCREMENT=42 DEFAULT CHARSET=utf8;

/*Data for the table `tblproductsublines` */

insert  into `tblproductsublines`(`pld_id`,`pl_id`,`pld_name`,`pld_status`) values (1,1,'Stretch Film',1),(2,1,'Lamination',1),(3,1,'Film Extrusion',1),(4,1,'Injection Molding',1),(5,1,'Thermo Foaming',1),(6,1,'Roto molding',1),(7,1,'Pet Fiber',1),(8,1,'PP Fiber',1),(9,1,'PPRC',1),(10,1,'PVC Pipes & Fitting',1),(11,1,'PP Woven Bag',1),(12,1,'PP Mat',1),(13,1,'Agriculture Film',1),(14,1,'Shrink Film',1),(15,2,'Injection Molding\r\n',1),(16,2,'Fibers',1),(17,2,'Sheets',1),(18,2,'Extrusion Foaming ',1),(19,2,'Pet Bottles',1),(20,2,'Extrusion Profile',1),(21,3,'PU Foam',1),(22,3,'PU Leather',1),(23,3,'PU Shoe',1),(24,3,'PVC Leather',1),(25,3,'PVC Shoe',1),(26,4,'Water Base Paint',1),(27,4,'Solvent Base Paint',1),(28,4,'Color Paste for leather',1),(29,5,'Textile\r\n',1),(30,6,'PVC Pipes & Fitting \r\n',1),(31,6,'PVC Foam Board\r\n',1),(32,6,'PVC Panels \r\n',1),(33,6,'PVC Shoe\r\n',1),(34,6,'PVC Leather\r\n',1),(35,7,'Lamination ',1),(36,7,'FTP for Top printing',1),(37,7,'PP Woven Bag\r\n',1),(38,7,'AQF-Aqua flex Paper board, Paper sacks',1),(39,7,'PP Cement Bag',1),(40,7,'Gravure Surface printing',1),(41,7,'FNP For oil & Ghee',1);

/*Table structure for table `tblrank1` */

CREATE TABLE `tblrank1` (
  `r1_id` int(11) NOT NULL AUTO_INCREMENT,
  `r1_c_id` int(11) DEFAULT '0',
  `r1_rf_id` int(11) DEFAULT '0',
  `r1_cp_name` varchar(256) DEFAULT NULL,
  `r1_cd_id` int(11) DEFAULT '0',
  `r1_cp_contact` varchar(15) DEFAULT NULL,
  `r1_cp_email` text,
  `r1_cp_address` text,
  `r1_created_by` int(11) DEFAULT '0',
  `r1_created_on` date DEFAULT NULL,
  `r1_creation_time` time DEFAULT NULL,
  `r1_month` varchar(3) DEFAULT NULL,
  `r1_year` varchar(4) DEFAULT NULL,
  `r1_status` enum('Active','Inactive') DEFAULT 'Active',
  PRIMARY KEY (`r1_id`)
) ENGINE=InnoDB AUTO_INCREMENT=2 DEFAULT CHARSET=utf8;

/*Data for the table `tblrank1` */

insert  into `tblrank1`(`r1_id`,`r1_c_id`,`r1_rf_id`,`r1_cp_name`,`r1_cd_id`,`r1_cp_contact`,`r1_cp_email`,`r1_cp_address`,`r1_created_by`,`r1_created_on`,`r1_creation_time`,`r1_month`,`r1_year`,`r1_status`) values (1,2,2,'Umair Riaz',1,'923234787340','umairriaz87@gmail.com','H#6 Samanabad Lahore,Pakistan',1,'2021-02-07','12:47:00','Feb','2021','Active');

/*Table structure for table `tblrank1productlines` */

CREATE TABLE `tblrank1productlines` (
  `r1_pl_id` int(11) NOT NULL AUTO_INCREMENT,
  `r1_id` int(11) DEFAULT '0',
  `pld_id` int(11) DEFAULT '0',
  PRIMARY KEY (`r1_pl_id`)
) ENGINE=InnoDB AUTO_INCREMENT=4 DEFAULT CHARSET=utf8;

/*Data for the table `tblrank1productlines` */

insert  into `tblrank1productlines`(`r1_pl_id`,`r1_id`,`pld_id`) values (1,1,28),(2,1,27),(3,1,26);

/*Table structure for table `tblrank2` */

CREATE TABLE `tblrank2` (
  `r2_id` int(11) NOT NULL AUTO_INCREMENT,
  `r1_id` int(11) DEFAULT NULL,
  `r2_mt_id` int(11) DEFAULT '0',
  `r2_meeting_date` date DEFAULT NULL,
  `r2_attendees` varchar(256) DEFAULT NULL,
  `r2_payment_type` text,
  `r2_register_ratio` text,
  `r2_repute_wrt_payment` text,
  `r2_int_nat_cert` text,
  `r2_remarks` text,
  `r2_created_by` int(11) DEFAULT '0',
  `r2_created_on` date DEFAULT NULL,
  `r2_creation_time` time DEFAULT NULL,
  `r2_status` enum('Active','Inative') DEFAULT 'Active',
  PRIMARY KEY (`r2_id`)
) ENGINE=InnoDB AUTO_INCREMENT=2 DEFAULT CHARSET=utf8;

/*Data for the table `tblrank2` */

insert  into `tblrank2`(`r2_id`,`r1_id`,`r2_mt_id`,`r2_meeting_date`,`r2_attendees`,`r2_payment_type`,`r2_register_ratio`,`r2_repute_wrt_payment`,`r2_int_nat_cert`,`r2_remarks`,`r2_created_by`,`r2_created_on`,`r2_creation_time`,`r2_status`) values (1,1,2,'2021-02-08','2',' Payment Terms ','80','A (best),B (plus minus in dates) ,C (extensive follow up) ,D (stuck, too much delays), E (exit, dead)','ISO 9001, ISO 14001, ISO 45001, Halal/Food Safety certified, Other',' Any other Remarks/Minutes ',1,'2021-02-07','14:54:00','Active');

/*Table structure for table `tblrank2detail` */

CREATE TABLE `tblrank2detail` (
  `r2_d_id` int(11) NOT NULL AUTO_INCREMENT,
  `r1_pl_id` int(11) DEFAULT '0',
  `pd_description` text,
  `pc_id` int(11) DEFAULT '0',
  `standard_sample_arranged` varchar(10) DEFAULT NULL,
  `substrate_sample_available` varchar(10) DEFAULT NULL,
  `finished_article_available` varchar(10) DEFAULT NULL,
  `dispatch_to_factory` date DEFAULT NULL,
  `marked_to_id` int(11) DEFAULT '0',
  `required_date` date DEFAULT NULL,
  `attachment` text,
  `remarks` text,
  `total_consumption` varchar(20) DEFAULT NULL,
  `expected_volume_p_month` varchar(20) DEFAULT NULL,
  `current_source` varchar(256) DEFAULT NULL,
  `fda_requirement` varchar(10) DEFAULT NULL,
  `pd_priority_status` varchar(50) DEFAULT NULL,
  `t_base_resin_grade` varchar(100) DEFAULT NULL,
  `t_dosage_per` varchar(20) DEFAULT NULL,
  `t_gloss` varchar(20) DEFAULT NULL,
  `t_opacity` varchar(20) DEFAULT NULL,
  `t_heat_stability` varchar(100) DEFAULT NULL,
  `t_light_stability` varchar(100) DEFAULT NULL,
  `t_flame_retardant` varchar(20) DEFAULT NULL,
  `t_any_o_requirment` varchar(100) DEFAULT NULL,
  `t_required_sample` varchar(20) DEFAULT NULL,
  `t_target_rmc` varchar(20) DEFAULT NULL,
  `t_sale_price` varchar(20) DEFAULT NULL,
  `r2_d_created_by` int(11) DEFAULT '0',
  `r2_d_created_on` date DEFAULT NULL,
  `r2_d_status` enum('Active','Inactive') DEFAULT 'Active',
  `r2_send_flag` varchar(1) DEFAULT 'N',
  `r2_send_datetime` varchar(30) DEFAULT NULL,
  `r2_lab_received_flag` varchar(1) DEFAULT 'N',
  `r2_lab_received_datetime` varchar(30) DEFAULT NULL,
  `r2_late_received_remarks` text,
  `final_status` varchar(100) DEFAULT NULL,
  PRIMARY KEY (`r2_d_id`)
) ENGINE=InnoDB AUTO_INCREMENT=3 DEFAULT CHARSET=utf8;

/*Data for the table `tblrank2detail` */

insert  into `tblrank2detail`(`r2_d_id`,`r1_pl_id`,`pd_description`,`pc_id`,`standard_sample_arranged`,`substrate_sample_available`,`finished_article_available`,`dispatch_to_factory`,`marked_to_id`,`required_date`,`attachment`,`remarks`,`total_consumption`,`expected_volume_p_month`,`current_source`,`fda_requirement`,`pd_priority_status`,`t_base_resin_grade`,`t_dosage_per`,`t_gloss`,`t_opacity`,`t_heat_stability`,`t_light_stability`,`t_flame_retardant`,`t_any_o_requirment`,`t_required_sample`,`t_target_rmc`,`t_sale_price`,`r2_d_created_by`,`r2_d_created_on`,`r2_d_status`,`r2_send_flag`,`r2_send_datetime`,`r2_lab_received_flag`,`r2_lab_received_datetime`,`r2_late_received_remarks`,`final_status`) values (1,1,' Product Description ',2,'Yes','Yes','Yes','2021-02-01',2,'2021-02-02','A-20210207053440-Book2.csv',' Any other info/Remarks ','11','12','13','Yes','High (If E.P > 20 MT)\r\n','1','2','High \r\n','Same\r\n','120-1900','Indoor\r\n','Yes','11','13','14','15',1,'2021-02-07','Active','Y','2021-02-07 18:24','Y','2021-02-07 23:13','Test remarks','Completed Successfully'),(2,2,'1',12,'No','No','No','2021-10-14',2,'2021-01-01','A-20210207053801-Book2.csv','2','3','4','5','No','Medium (If E.P < 20 MT)\r\n','6','7','Low\r\n','Less\r\n','220-2700','Out door\r\n','No','8','9','10','11',1,'2021-02-07','Active','N','2021-02-07 18:23','N',NULL,NULL,NULL);

/*Table structure for table `tblrank3` */

CREATE TABLE `tblrank3` (
  `r3_id` int(11) NOT NULL AUTO_INCREMENT,
  `r1_pl_id` int(11) DEFAULT NULL,
  `r3_sample_received_from` varchar(256) DEFAULT NULL,
  `r3_handover` varchar(256) DEFAULT NULL,
  `r3_so` varchar(256) DEFAULT NULL,
  `r3_etd_feedback` date DEFAULT NULL,
  `r3_created_by` int(11) DEFAULT '0',
  `r3_created_on` date DEFAULT NULL,
  `r3_creation_time` time DEFAULT NULL,
  `r3_status` enum('Received','Rejected','Approved') DEFAULT NULL,
  PRIMARY KEY (`r3_id`)
) ENGINE=InnoDB AUTO_INCREMENT=2 DEFAULT CHARSET=utf8;

/*Data for the table `tblrank3` */

insert  into `tblrank3`(`r3_id`,`r1_pl_id`,`r3_sample_received_from`,`r3_handover`,`r3_so`,`r3_etd_feedback`,`r3_created_by`,`r3_created_on`,`r3_creation_time`,`r3_status`) values (1,1,'Pick From Store/R&D','Mr Umair Riaz','-','2021-02-28',1,'2021-02-08','23:47:00','Received');

/*Table structure for table `tblrank4` */

CREATE TABLE `tblrank4` (
  `r4_id` int(11) NOT NULL AUTO_INCREMENT,
  `r1_pl_id` int(11) DEFAULT NULL,
  `r4_result_date` date DEFAULT NULL,
  `r4_result` varchar(20) DEFAULT NULL,
  `r4_feedback_detail` text,
  `r4_trail_date` date DEFAULT NULL,
  `r4_trail_o_qty` varchar(20) DEFAULT NULL,
  `r5_flag` varchar(1) DEFAULT NULL,
  `r4_created_by` int(11) DEFAULT '0',
  `r4_created_on` date DEFAULT NULL,
  `r4_creation_time` time DEFAULT NULL,
  PRIMARY KEY (`r4_id`)
) ENGINE=InnoDB AUTO_INCREMENT=2 DEFAULT CHARSET=utf8;

/*Data for the table `tblrank4` */

insert  into `tblrank4`(`r4_id`,`r1_pl_id`,`r4_result_date`,`r4_result`,`r4_feedback_detail`,`r4_trail_date`,`r4_trail_o_qty`,`r5_flag`,`r4_created_by`,`r4_created_on`,`r4_creation_time`) values (1,1,'2021-02-10','Pass','Detail Feed Back   Detail Feed Back   Detail Feed Back  ,  Detail Feed Back ,  Detail Feed Back  &  Detail Feed Back .','2021-02-22','200','C',1,'2021-02-09','23:14:00');

/*Table structure for table `tblrank5` */

CREATE TABLE `tblrank5` (
  `r5_id` int(11) NOT NULL AUTO_INCREMENT,
  `r1_pl_id` int(11) DEFAULT NULL,
  `r5_n_sample_name` varchar(256) DEFAULT NULL,
  `r5_so` varchar(20) DEFAULT NULL,
  `r5_so_date` date DEFAULT NULL,
  `r5_so_qty` varchar(20) DEFAULT NULL,
  `r5_so_value` varchar(20) DEFAULT NULL,
  `r5_result` varchar(20) DEFAULT NULL,
  `r5_roe_date` date DEFAULT NULL,
  `r5_trail_o_qty` varchar(20) DEFAULT NULL,
  `r5_created_by` int(11) DEFAULT '0',
  `r5_created_on` date DEFAULT NULL,
  `r5_creation_time` time DEFAULT NULL,
  PRIMARY KEY (`r5_id`)
) ENGINE=InnoDB AUTO_INCREMENT=2 DEFAULT CHARSET=utf8;

/*Data for the table `tblrank5` */

insert  into `tblrank5`(`r5_id`,`r1_pl_id`,`r5_n_sample_name`,`r5_so`,`r5_so_date`,`r5_so_qty`,`r5_so_value`,`r5_result`,`r5_roe_date`,`r5_trail_o_qty`,`r5_created_by`,`r5_created_on`,`r5_creation_time`) values (1,1,'New Product','20000021254','2021-02-10','200','20000','Pass','2021-02-28','500',1,'2021-02-09','23:35:00');

/*Table structure for table `tblrank6` */

CREATE TABLE `tblrank6` (
  `r6_id` int(11) NOT NULL AUTO_INCREMENT,
  `r1_pl_id` int(11) DEFAULT NULL,
  `r6_so` varchar(20) DEFAULT NULL,
  `r6_so_date` date DEFAULT NULL,
  `r6_so_qty` varchar(20) DEFAULT NULL,
  `r6_so_value` varchar(20) DEFAULT NULL,
  `r6_rsf` varchar(20) DEFAULT NULL,
  `r6_next_o_date` date DEFAULT NULL,
  `r6_result` text,
  `r6_created_by` int(11) DEFAULT '0',
  `r6_created_on` date DEFAULT NULL,
  `r6_creation_time` time DEFAULT NULL,
  PRIMARY KEY (`r6_id`)
) ENGINE=InnoDB AUTO_INCREMENT=2 DEFAULT CHARSET=utf8;

/*Data for the table `tblrank6` */

insert  into `tblrank6`(`r6_id`,`r1_pl_id`,`r6_so`,`r6_so_date`,`r6_so_qty`,`r6_so_value`,`r6_rsf`,`r6_next_o_date`,`r6_result`,`r6_created_by`,`r6_created_on`,`r6_creation_time`) values (1,1,'20000021256','2021-03-31','1000','500000','100','2021-04-30',' First Bulk trial Result/FeedBack , First Bulk trial Result/FeedBack , First Bulk trial Result/FeedBack .',1,'2021-02-09','23:53:00');

/*Table structure for table `tblrectypes` */

CREATE TABLE `tblrectypes` (
  `r_id` int(11) NOT NULL AUTO_INCREMENT,
  `r_name` varchar(256) DEFAULT NULL,
  `r_status` int(1) DEFAULT '1',
  PRIMARY KEY (`r_id`)
) ENGINE=InnoDB AUTO_INCREMENT=5 DEFAULT CHARSET=utf8;

/*Data for the table `tblrectypes` */

insert  into `tblrectypes`(`r_id`,`r_name`,`r_status`) values (1,'Courier',1),(2,'Staff Van',1),(3,'Pick From Store/R&D',1),(4,'Others ',1);

/*Table structure for table `tblreporttypes` */

CREATE TABLE `tblreporttypes` (
  `r_id` int(11) NOT NULL AUTO_INCREMENT,
  `r_name` varchar(256) DEFAULT NULL,
  `r_status` int(1) DEFAULT '0',
  PRIMARY KEY (`r_id`)
) ENGINE=InnoDB AUTO_INCREMENT=4 DEFAULT CHARSET=utf8;

/*Data for the table `tblreporttypes` */

insert  into `tblreporttypes`(`r_id`,`r_name`,`r_status`) values (1,'Color Analysis Report/Shade Card',1),(2,'TDS',1),(3,'Others ',1);

/*Table structure for table `tblrsource` */

CREATE TABLE `tblrsource` (
  `rf_id` int(11) NOT NULL AUTO_INCREMENT,
  `rf_name` varchar(256) DEFAULT NULL,
  `rf_status` int(1) DEFAULT '0',
  PRIMARY KEY (`rf_id`)
) ENGINE=InnoDB AUTO_INCREMENT=7 DEFAULT CHARSET=utf8;

/*Data for the table `tblrsource` */

insert  into `tblrsource`(`rf_id`,`rf_name`,`rf_status`) values (1,'PCS Exhibition 		\r\n',1),(2,'Pak Lab Exhibition 		\r\n',1),(3,'Other Exhibitions	\r\n',1),(4,'Refered By customer		\r\n',1),(5,'Discovered by visit		\r\n',1),(6,'Any other	\r\n',1);

/*Table structure for table `tblsreason` */

CREATE TABLE `tblsreason` (
  `r_id` int(11) NOT NULL AUTO_INCREMENT,
  `r_option` varchar(100) DEFAULT NULL,
  PRIMARY KEY (`r_id`)
) ENGINE=InnoDB AUTO_INCREMENT=5 DEFAULT CHARSET=utf8;

/*Data for the table `tblsreason` */

insert  into `tblsreason`(`r_id`,`r_option`) values (1,'Required RM Shortage/Unavailibility'),(2,'Due to Lab Machine Maintenance	\r\n'),(3,'Lab Machine Busy for other Development	\r\n'),(4,'Others');

/*Table structure for table `tblusers` */

CREATE TABLE `tblusers` (
  `user_id` int(21) NOT NULL AUTO_INCREMENT,
  `user_email` text,
  `user_name` text,
  `user_password` text,
  `user_type` enum('Admin','User','Lab') DEFAULT NULL,
  `user_last_login` varchar(36) DEFAULT NULL,
  `user_login_flag` int(1) DEFAULT '0',
  PRIMARY KEY (`user_id`)
) ENGINE=InnoDB AUTO_INCREMENT=5 DEFAULT CHARSET=utf8 CHECKSUM=1 DELAY_KEY_WRITE=1 ROW_FORMAT=DYNAMIC;

/*Data for the table `tblusers` */

insert  into `tblusers`(`user_id`,`user_email`,`user_name`,`user_password`,`user_type`,`user_last_login`,`user_login_flag`) values (1,'user','user','123','User',NULL,1),(2,'murtaza.grewal','Murtaza Grewal','123','Lab',NULL,1),(3,'yaseen.nawaz','Yaseen Nawaz','123','Lab',NULL,1),(4,'m.yousaf','M Yousaf\r\n','123','Lab',NULL,1);

/*Table structure for table `tblyesno` */

CREATE TABLE `tblyesno` (
  `yn_id` int(11) NOT NULL AUTO_INCREMENT,
  `yn_option` varchar(10) DEFAULT NULL,
  PRIMARY KEY (`yn_id`)
) ENGINE=InnoDB AUTO_INCREMENT=3 DEFAULT CHARSET=utf8;

/*Data for the table `tblyesno` */

insert  into `tblyesno`(`yn_id`,`yn_option`) values (1,'Yes'),(2,'No');

/*!40101 SET SQL_MODE=@OLD_SQL_MODE */;